Date,Gold,FX,VIX
2020-01-03,0.013268521727000326,-0.004401494957191443,0.12429832859211132
2020-01-06,0.010489502076611812,-0.0008483365294456036,-0.01212553999595678
2020-01-07,0.003935150508558971,0.003228338291148658,-0.004332160141813035
2020-01-08,-0.007501524641443713,-0.0038628596467005227,-0.024655558631502927
2020-01-09,-0.005651653463197515,-0.0037228795184237606,-0.0676579821796911
2020-01-10,0.006026192495848015,-0.0001888991043865751,0.0015949328408704222
2020-01-13,-0.007419483430124996,0.0005001783132467796,-0.01910833732279482
2020-01-14,-0.0008915435213457945,0.0017148976262308935,0.005681870960430491
2020-01-15,0.005834242779070742,-0.00043409236158020725,0.0024212858869983034
2020-01-16,-0.0015695082440052577,0.0020757662165888924,-0.008051560455349493
2020-01-17,0.0018454259925253513,-0.0012933037942931547,-0.017857087565263163
2020-01-21,0.0010915790702048511,0.00021081316828008845,0.06198346912026298
2020-01-22,0.0003406555206315609,-0.0010198972346647794,0.004669219000873026
2020-01-23,0.002248122121045526,0.0009765264799332929,0.005422129794854458
2020-01-24,0.005845572586286041,-0.0037146146349177345,0.12172580378289855
2020-01-27,0.006825312844883635,-0.002701160722729301,0.25206037203646203
2020-01-28,-0.008926785569624784,-0.0005068798012616282,-0.10696647858234709
2020-01-29,0.005417872354848807,0.0002534602516883755,0.006756676803653994
2020-01-30,6.732120695107646e-05,-0.000517823376805393,-0.054911510191921864
2020-01-31,0.005792420039608892,0.001113983627091697,0.216268588183969
2020-02-03,-0.006495688802043542,0.0055005980931706056,-0.046178388120336256
2020-02-04,-0.01300895070524588,-0.002422820498873768,-0.106844749563629
2020-02-05,0.0012293105482077404,-0.0014140775226543223,-0.05607474525307843
2020-02-06,0.005388399719282511,-0.0040708387449320815,-0.012541226743722711
2020-02-07,0.002645857569860688,-0.0017573176694883896,0.03409092430356764
2020-02-10,0.0025712490701368385,-0.0030657140611913825,-0.02779575292524339
2020-02-11,-0.0034419552752806837,-0.0032740540687078434,0.009308533489218451
2020-02-12,-0.0008127480224853212,0.0005459388777842022,-0.09486169335363148
2020-02-13,0.00569345014846645,-0.003980624613736272,0.02983987294337087
2020-02-14,0.004178427664004669,-0.002754891895100142,-0.03321550007245233
2020-02-18,0.012818816524224008,-0.00015173635873644287,0.08406429772484536
2020-02-19,0.005831221275388376,-0.004123896362855373,-0.030343884799743148
2020-02-20,0.004084659090851872,0.0013611103197250785,0.08205843503372323
2020-02-21,0.015025216397275942,-0.002044404117788723,0.09768634081610128
2020-02-24,0.008985128746405113,0.004732348696283584,0.46545672122078363
2020-02-25,-0.017874260693127697,0.0009362707871527487,0.11266478695419302
2020-02-26,0.004370503298157802,0.00302297513846872,-0.010412959122266252
2020-02-27,0.00019483522153040944,0.0003582195502427332,0.4208998768597427
2020-02-28,-0.03649347478693177,0.010227393434993237,0.024259467993900774
2020-03-02,0.005526297603759334,0.00491786361275226,-0.16679138218910172
2020-03-03,0.031434333360162325,0.008391445909352147,0.10173553896356191
2020-03-04,0.0017545277375516921,0.003287119964528351,-0.13117870623950623
2020-03-05,0.021600945458936538,-0.0037204257922510697,0.23851201048320303
2020-03-06,0.00038096105467699815,0.007609796086103238,0.05855627858074386
2020-03-09,0.0016502348575044845,0.014448797785124423,0.29852171835290564
2020-03-10,-0.02110133630677158,0.0010486546000192387,-0.13147263987842284
2020-03-11,-0.0035603512879937016,-0.007146411649794127,0.13953493436099507
2020-03-12,-0.0398882588306293,-0.004859278542138523,0.40018551176604067
2020-03-13,-0.03051623730778741,-0.006800472200027885,-0.2337352471753954
2020-03-16,-0.011446115323986206,-0.0026438297866444582,0.4298806817087415
2020-03-17,0.0135554799295321,0.0007032639633588467,-0.08199296866753814
2020-03-18,-0.019921988429849713,-0.013229605475047146,0.00711359847295534
2020-03-19,-0.018905499074657994,-0.0048998489149221225,-0.05820794147650399
2020-03-20,0.014995707221804766,-0.027751725571960706,-0.0827777650621202
2020-03-23,0.044179590424960224,0.0034757157946578854,-0.06738341461611286
2020-03-24,0.048530353360380474,0.006566417369906263,0.0012988799506288284
2020-03-25,-0.01368964099270864,0.003532443485666059,0.03697101770212585
2020-03-26,0.012822223412266576,0.008047422242644764,-0.0461298002774857
2020-03-27,-0.006460489804721581,0.014572570730083445,0.07442624451684177
2020-03-30,0.004400644787818209,0.008220695167680647,-0.1290814611885116
2020-03-31,-0.03184668568859872,-0.00975092410858569,-0.06201823409195106
2020-04-01,0.009456223354449733,-0.0003528575408736634,0.06574524463152964
2020-04-02,0.0163934225377782,-0.006616062836650616,-0.10778130700777788
2020-04-03,0.0049374590529023266,-0.009697489183293495,-0.0807307134682792
2020-04-06,0.027710521817620126,-0.003728463827186168,-0.033333281709936435
2020-04-07,-0.005354484768834378,-0.0002916541788892113,0.032272303941305536
2020-04-08,-0.008907968786563414,0.008454590683961927,-0.07173452321390283
2020-04-09,0.026123560972308058,-0.0028896516334027122,-0.03875433366344183
2020-04-13,0.017140343933811808,0.00048109572004806367,-0.011999040604053213
2020-04-14,0.007868093580683189,-0.0008847468401703695,-0.08282730141057637
2020-04-15,-0.005101958505246418,0.005712292577293665,0.08156784872784995
2020-04-16,-0.0008649946516461338,-0.007308567616241546,-0.01787462143753371
2020-04-17,-0.019417471147623044,-0.004275971806308454,-0.048865595977249154
2020-04-20,0.007126124562213176,0.0007823250313490071,0.14888597845331075
2020-04-21,-0.006825274631933054,-0.00019559291749593477,0.03604832193362939
2020-04-22,0.019670860003665247,-0.0007706749407427882,-0.07553403031714068
2020-04-23,0.00995486708021609,-0.004313134912290573,-0.014292484055828392
2020-04-24,-0.004285520778353313,-0.0030176057328222816,-0.13170615326877966
2020-04-27,-0.006640444141094992,0.004329554527432444,-0.07347618611815432
2020-04-28,-0.004456556273727319,0.00010826512245132314,0.00841089731440281
2020-04-29,0.005533445721913166,0.0010836352792000792,-0.06970509901281496
2020-04-30,-0.018116569301821484,0.003752645927246556,0.0934999047852525
2020-05-01,0.00617125761149806,0.006271686807133081,0.08901894480228245
2020-05-04,0.003504803873276119,0.0012933299570614398,-0.03280444880494526
2020-05-05,0.004241037483481591,-0.005048729550992004,-0.06561024548960048
2020-05-06,-0.012855591040204617,-0.006026226213444508,0.015174005125609291
2020-05-07,0.015350754880484763,-0.0036931120457727173,-0.07854626265309517
2020-05-08,-0.006010293229887331,0.0035762058614008385,-0.11005092026233321
2020-05-11,-0.006233636774804485,0.0002168107414928233,-0.01465331858898733
2020-05-12,0.0038890673962401756,-0.0027780072010433754,0.1984041088593127
2020-05-13,0.00962264814750724,0.003460125949687365,0.0677965436349861
2020-05-14,0.008850059782004704,-0.0021322207671115034,-0.07568022282676867
2020-05-15,0.0056438144895878395,-0.0015454488283191958,-0.022079153855476208
2020-05-18,-0.007564144999551381,0.0013310858459365527,-0.08121668868481102
2020-05-19,0.00965020617044443,0.00866660982343559,0.04197957275129127
2020-05-20,0.0023742810342795018,0.0011583319408448034,-0.08319688366854172
2020-05-21,-0.0145763375976391,0.00505210281016133,0.055019683033953104
2020-05-22,0.005916836449104457,-0.002738140153006774,-0.04639352547841158
2020-05-26,-0.014214859559966153,-0.0004404310453832716,-0.005326691027807584
2020-05-27,0.0018024320171106112,0.007224939774856942,-0.013923576810481397
2020-05-28,0.003350344766475555,0.0031947931525848627,0.03511945271111783
2020-05-29,0.0073584122707384125,0.005650423605935151,-0.037775443089960836
2020-06-01,0.004603768848692402,0.0035579530369997947,0.02617227580385806
2020-06-02,-0.0064768271714218395,0.0006675319779554378,-0.0492383780442075
2020-06-03,-0.01845018380928054,0.005706559007063072,-0.04396424360906748
2020-06-04,0.010526269495827023,0.0041573002584596175,0.005845659369534406
2020-06-05,-0.02027532426346157,0.00907027625983492,-0.049980590270097824
2020-06-08,0.010822142733466267,-0.0016186702973106648,0.0526100727608374
2020-06-09,0.00964183116931494,-0.001232268175929252,0.06819063406817372
2020-06-10,0.014324773012967418,0.002357072805333038,0.0
2020-06-11,-0.007214084989501601,0.0029323119315063373,0.47950675977645907
2020-06-12,0.0014163170663434865,-0.006806778164859195,-0.11522433580407998
2020-06-15,-0.0017832572551969017,-0.003195541723474027,-0.046827337754605125
2020-06-16,-0.0004928345355281749,0.007619025622873643,-0.021221026876537152
2020-06-17,0.0019106166939522051,-0.006353943827565933,-0.005939915625735037
2020-06-18,-0.001968455156468263,-0.0020237334999584355,-0.01583515311216377
2020-06-19,0.011032995719469696,-0.002837487793214688,0.06618094705711841
2020-06-22,0.006462217682632332,-0.0029832625318877426,-0.095387203189226
2020-06-23,0.008419646377624934,0.009136542940248127,-0.0125904819882533
2020-06-24,-0.0034839130582626776,0.002895980281716115,0.07873762343880286
2020-06-25,-0.0006027175913517757,-0.005434121121245528,-0.04787230864598202
2020-06-26,0.004463149702982783,-0.00255872164999138,0.07790186922526843
2020-06-29,0.0005404803669293301,0.000336847087887282,-0.0849409413899711
2020-06-30,0.004440918278166173,0.0019007239932979925,-0.04247955797046343
2020-07-01,-0.004481089931769877,-0.0010000172763980908,-0.05948075740355885
2020-07-02,0.0021606086958432247,0.0013726735475050322,-0.03284418261683031
2020-07-06,0.005988741319838731,0.0008322910247819948,0.009393071749107529
2020-07-07,0.006310260659329048,0.005837408743786465,0.0533285519913258
2020-07-08,0.006211565862881185,-0.0033261636145835993,-0.04587157211929438
2020-07-09,-0.0027044004055614135,0.0056695953320384795,0.042022803005052234
2020-07-10,-0.0025938951172596036,-0.004515257193776434,-0.06732738543897732
2020-07-13,0.0012411575864292868,0.001956696060406715,0.1795528599045837
2020-07-14,0.004663568910189042,0.003134739407461451,-0.08294496063538004
2020-07-15,0.0008813320073604025,0.005747538270340025,-0.05962060303488104
2020-07-16,-0.009451688651900159,0.0005686381091167814,0.008645524824904882
2020-07-17,0.008238009985450212,-0.0021964124845104127,-0.08285713195800781
2020-07-20,0.004820170160796611,0.004462768406512829,-0.04750783513258894
2020-07-21,0.012050997596656066,0.001375032190692238,0.015535612524060216
2020-07-22,0.015202340363078104,0.006574425313873089,-0.020933995755611834
2020-07-23,0.008825301770064575,0.0030078212447555153,0.07236843137199545
2020-07-24,0.008578870839228259,0.00236559286041671,-0.009202445238506662
2020-07-27,0.019753770786684832,0.004870829620063688,-0.04256967395410638
2020-07-28,0.00834113103275036,0.010015670777406838,0.02829429140725548
2020-07-29,0.0075102306547618625,-0.004289165041998277,-0.052672960867039875
2020-07-30,-0.007400261112960993,0.005467304712160281,0.02738588535125408
2020-07-31,0.00908793109962347,0.007586362212601561,-0.012116362747817577
2020-08-03,0.0011325390830079218,-0.0075760337032135805,-0.007358888166983268
2020-08-04,0.021277725496816835,-0.0016115393013034218,-0.021416822201726027
2020-08-05,0.009283241730161151,0.004430779333569168,-0.03240742636137206
2020-08-06,0.013274069532868138,0.0048559695029375405,-0.014789045496860997
2020-08-07,-0.01588530528005727,0.0003087460372570572,-0.019426072470996703
2020-08-10,-0.003458957447482258,-0.007894332439634666,-0.0036019778029610094
2020-08-11,-0.05369440853432972,-0.0038148260412615986,0.08585637586680717
2020-08-12,-0.004668202325739945,-0.00010562276706871376,-0.07282563254243057
2020-08-13,0.023618065792215592,0.00487906845504904,-0.006732563790665225
2020-08-14,-0.0043092158240957135,0.001929577399301552,-0.0036149989489328016
2020-08-17,0.02169391289315903,0.003046169826061096,-0.0317459809438132
2020-08-18,0.009008003623491856,0.002018980265106496,0.007494137918188315
2020-08-19,-0.03156545548841261,0.006009806361055858,0.04788473620109546
2020-08-20,0.006913929262821528,-0.008734567738023058,0.00798573161117977
2020-08-21,-0.008010905834894388,0.002546942903547178,-0.007922464932529683
2020-08-24,-0.005658401286623649,-0.006370959580544899,-0.007542150372178313
2020-08-25,0.0012154763574758753,-0.0002949409890677934,-0.015198933385446534
2020-08-26,0.011808847672626355,0.0034321894453757107,0.0562868693812546
2020-08-27,-0.011561927956646234,0.000651394338439415,0.05156849299461275
2020-08-28,0.0173802350530341,-0.0019502937318516267,-0.061708225224908486
2020-08-31,0.002386259791001155,0.008342792041089897,0.15026136326253647
2020-09-01,0.0011902895553947967,0.0017430930674866563,-0.010980651641583683
2020-09-02,-0.013131628719242117,-0.0013234919979406845,0.01722813327459405
2020-09-03,-0.00810423703378893,-0.006361980408355672,0.2645840745216983
2020-09-04,0.0027602959130217375,-0.0006393457221240961,-0.0848213870103649
2020-09-08,-0.0019269219593246456,-0.0010758034478896006,0.02308940112106206
2020-09-09,0.00970825655471863,-0.0043549400692805,-0.08423393819608227
2020-09-10,-0.0032231430104036063,0.0030697019536041203,0.03123914041005804
2020-09-11,-5.486005292487661e-05,0.001525357772983682,-0.09559065408128964
2020-09-14,0.007892586821005798,0.0015513640318849387,-0.03796056665075909
2020-09-15,-0.0023927480714920346,0.0023028061782486287,-0.010058035785106334
2020-09-16,0.0028345831622316187,-0.0021557096226498818,0.017585023847447978
2020-09-17,-0.005489995652194879,-0.003458398421950948,0.01612896137399411
2020-09-18,0.0013117087099276947,0.0037913635082373887,-0.02380949291628287
2020-09-21,-0.020087296599797022,-0.00022507314877340256,0.0754936418389145
2020-09-22,-0.004846314367596194,-0.006545397017979959,-0.03311735253974313
2020-09-23,-0.021606497297661065,-0.005067306447492315,0.0640357138596499
2020-09-24,0.003718800733685912,-0.004255377205412025,-0.0024492545490231166
2020-09-25,-0.0028499771605223767,0.001260749603063216,-0.0747106647146728
2020-09-28,0.01006056066236427,-0.0032462486057818207,-0.007202374251457866
2020-09-29,0.008432402483858015,0.003737229825137023,0.0030545980173624088
2020-09-30,-0.006004867330144381,0.005413030530529328,0.0038066379797176975
2020-10-01,0.008920516455577454,-0.001360210502676873,0.012514217413868156
2020-10-02,-0.0008953758525005462,0.0016089994172752142,0.03483139967239324
2020-10-05,0.004872915921881216,-0.0020861974904528013,0.011943537232336876
2020-10-06,-0.011760774579356315,0.006143927966141716,0.05436339440396454
2020-10-07,-0.0004512229536247636,-0.004648194991886068,-0.048168252996730776
2020-10-08,0.0035549310375408982,0.0025417808980194856,-0.06058442223615079
2020-10-09,0.018161347296547614,-4.001510240880801e-05,-0.051593345176839334
2020-10-12,-0.002871682500567352,0.004235185563026933,0.00279998779296875
2020-10-13,-0.015728823528417535,-5.911618479070846e-05,0.03988831320993014
2020-10-14,0.003094772946095059,-0.006258514217526323,0.012658225069775098
2020-10-15,0.003646120384284801,0.00015268939423940253,0.02159089784320045
2020-10-16,-0.0034652086045857677,-0.003137572239784059,0.016314443650717658
2020-10-19,0.0005047466985432791,0.0007147180392022001,0.06457498969781228
2020-10-20,0.0048209014703402,0.0045544851656165175,0.005825910709938986
2020-10-21,0.007531414803434444,0.005181497776384436,-0.02385011086341937
2020-10-22,-0.009800687777642758,0.002038879280469974,-0.018848133171682435
2020-10-23,-0.001062475196895396,-0.003284551955978321,-0.01992178445861703
2020-10-26,-0.0005037860400700644,0.0028316561500716375,0.17822141500487332
2020-10-27,0.0026323226696718383,-0.0032947233516975594,0.02741834302990398
2020-10-28,-0.01614344386479838,-0.0021447579912096115,0.2077961206071215
2020-10-29,-0.004144728133141373,-0.003007617828291731,-0.06678249027384753
2020-10-30,0.004561020978312902,-0.005956166003128649,0.011439220628632452
2020-11-02,0.009704919089013941,-0.0031317368936795154,-0.023408715910909428
2020-11-03,0.005676996717700833,5.826265274877507e-05,-0.04255323957993329
2020-11-04,-0.0005588578456844351,0.010256598756917423,-0.1682137741370816
2020-11-05,0.022983923404670703,-0.0025108289252275817,-0.0672979300526162
2020-11-06,0.0014213621387162423,0.007232409142491791,-0.09862216536906332
2020-11-09,-0.04427097823171633,0.006386490672249501,0.03580045727262959
2020-11-10,0.0033127817282887495,-0.005523335652097172,-0.03689323351221174
2020-11-11,-0.004326595410341194,-0.0007209612763262596,-0.054435424018226874
2020-11-12,0.006060679556170845,-0.003257206770447163,0.08102343525434108
2020-11-13,0.006819714153532219,0.0019605283529799955,-0.08875739511407266
2020-11-16,-5.650127239831271e-05,0.0035464667435043395,-0.028138511160012314
2020-11-17,-0.0036691725592956637,0.0011978037781641415,0.011581216601222133
2020-11-18,-0.005722348480656891,0.000355935881684033,0.04975786497886037
2020-11-19,-0.0018804594035273237,-0.001350688437114167,-0.03062078597164286
2020-11-20,0.0030257979459697992,0.0015900757859319548,0.025530079489639368
2020-11-23,-0.0196938167555728,0.0,-0.043881893757304447
2020-11-24,-0.015328336846880064,-0.0020013415276960433,-0.04501325969250447
2020-11-25,-0.0004717367343725076,0.004879207110725758,-0.01802215344955116
2020-11-27,-0.010146901518740647,-0.00033602610922867093,-0.01929411046645224
2020-11-30,-0.006674981596057172,0.004654525577231228,-0.01295587599744541
2020-12-01,0.0210595460814611,-0.0027816090374511715,0.009722934657591553
2020-12-02,0.00752153069206285,0.011410306402095838,0.019258527188946495
2020-12-03,0.007873502810363364,0.0033314170009388633,0.005196060933166491
2020-12-04,-0.002835427586930339,0.002562763801620571,-0.023026304290754473
2020-12-07,0.014914066598165077,-0.001999998037004458,0.024530942716423976
2020-12-08,0.003487910186290799,-0.0006783939588516086,-0.029107932117012014
2020-12-09,-0.017094017094017144,-0.0001815724171323474,0.07688588632128535
2020-12-10,-0.001913054093070632,-0.0026573445846650445,0.011225864160808507
2020-12-11,0.0018586706605219216,0.00542606272772872,0.03507988419717645
2020-12-14,-0.005507636250083436,-0.0008966983830569486,0.06048905532890392
2020-12-15,0.013990959829817351,0.0012768419520983176,-0.07402912518356886
2020-12-16,0.005519095329445722,0.00044489219312326966,-0.017037981653455492
2020-12-17,0.010520363984510617,0.0037257618774535484,-0.025333319769965224
2020-12-18,-0.0016974258370123785,0.005174836135400485,-0.016415896276417152
2020-12-21,-0.003173869592184575,-0.003799173146871393,0.16643487266480217
2020-12-22,-0.007903112071065643,0.001700880915794123,-0.03696344637583293
2020-12-23,0.00664787877129025,-0.004106843593038589,-0.03796946321399031
2020-12-24,0.003985267471422693,0.00039010441651421424,-0.07636202574339757
2020-12-28,-0.003629142996869339,0.0016721969568598283,0.007895962418588809
2020-12-29,0.003642361648136694,0.001503461095783143,0.06359442913584812
2020-12-30,0.007655178894261816,0.002413844119172115,-0.013431519365993294
2020-12-31,0.003714145601823482,0.003831388176507966,-0.0008783687905835613
2021-01-04,0.022258360658879317,0.005782208063576988,0.18549447531228536
2021-01-05,0.0029616260665272787,7.356497217481106e-05,-0.06043749359531836
2021-01-06,-0.01624105266038789,0.003972994689505738,-0.010655108766291721
2021-01-07,-0.00233462025122122,0.003319759284015955,-0.10769840001825937
2021-01-08,-0.03420993723985433,-0.00564483535912963,-0.03620926879315989
2021-01-11,-0.0019614419353504164,-0.006946159299648702,0.11688314101048247
2021-01-12,0.006473960214956609,-0.0020928282920177343,-0.03114617950067544
2021-01-13,-0.004307374345463466,0.0039629900042505994,-0.048006894251865995
2021-01-14,-0.0005190998467168306,-0.0038007870478363737,0.046825797316417894
2021-01-15,-0.012407628760563338,-0.000923486741711943,0.046881726993027506
2021-01-19,0.00847307255811236,0.0007608065497719529,-0.04519311317065755
2021-01-20,0.016282289539807593,0.005098325770698242,-0.07142856556629995
2021-01-21,-0.0006271772092728556,-0.0019143025297213567,-0.012048203419881442
2021-01-22,-0.007873145210082533,0.004181602719109279,0.02767355351938039
2021-01-25,0.0008626173693986328,0.00025916567074868446,0.05842084416064908
2021-01-26,-0.0024705999829396363,-0.001906945525246062,-0.007330749132337333
2021-01-27,-0.006335623059913753,0.0013792318288194938,0.6164204319953999
2021-01-28,0.0009273614616172043,-0.004762003705163664,-0.1881214773509905
2021-01-29,-0.0004053281700162614,0.001236204229644322,0.0953327095463401
2021-02-01,0.009385291185094458,0.0003152348219104262,-0.08612875093162653
2021-02-02,-0.012167796413785958,-0.004549946712114394,-0.15476191602506528
2021-02-03,-0.0015106298641213156,-0.002455957182741275,-0.1036776085250426
2021-02-04,-0.021530474690833024,0.0002769556190749256,-0.049759903851645415
2021-02-05,0.009872160109213546,-0.006282587967714526,-0.0413412769685686
2021-02-08,0.010070118005137685,0.006855858420775629,0.017728745424351322
2021-02-09,0.0032649110578624185,0.0004002080092257998,0.01836155338281853
2021-02-10,0.0036611162023989507,0.005508496493374926,0.016643579487721327
2021-02-11,-0.008685078696598514,0.0001006197804718223,-0.033651649787194926
2021-02-12,-0.0030372306060941767,0.0008492320522894836,-0.06023532643037688
2021-02-16,-0.014353488272303538,0.0008334358533188535,0.07461190898097625
2021-02-17,-0.011352850687983307,-0.0032733877135847633,0.0018639756399749796
2021-02-18,-6.0088418961767864e-05,-0.0036781674916279705,0.04604650098224017
2021-02-19,0.004148551901348441,0.003643164233586349,-0.019564274723678277
2021-02-22,0.014969164015496528,0.0028497294649860727,0.0634921348897759
2021-02-23,-0.0023007456922117253,0.0033349308049044346,-0.014498939937146127
2021-02-24,-0.0007095264939214196,-0.0012042622122976354,-0.07659023846891821
2021-02-25,-0.018816524708764826,0.0015822117375803302,0.3537956505658677
2021-02-26,-0.024182906697045592,-0.0008997964463965946,-0.03253716325953937
2021-03-01,-0.0017304170540851649,-0.005827132900038223,-0.1645796155959014
2021-03-02,0.005447934683729505,-0.0031815938102786046,0.03211991382215107
2021-03-03,-0.011021541189334294,0.0028521567302313144,0.10663898979853403
2021-03-04,-0.009836893780889033,-0.0028800481356082708,0.0712410803560184
2021-03-05,0.0006288110395962221,-0.006881411661313397,-0.1368568389631607
2021-03-08,-0.010368190918767173,-0.0035180865848333243,0.03284669387487393
2021-03-09,0.02127113294736649,-0.006198454709617107,-0.05653705007969756
2021-03-10,0.005098279923459348,0.0038977317898647446,-0.06117358213477153
2021-03-11,-0.000866011298261804,0.002366169783703187,-0.028812040510530323
2021-03-12,-0.00018572795011984056,0.00503413381222062,-0.05568230588091916
2021-03-15,0.004396503999798185,-0.0030114376748069382,-0.0318994601438356
2021-03-16,0.0009248406787658592,-0.0020273558871979347,-0.011982015121855594
2021-03-17,0.00714498527693741,-0.002023177780549945,-0.028297187841544558
2021-03-18,-0.005810023730399405,0.006818129005479179,0.12220491094179375
2021-03-19,0.004183119739068708,-0.005387043935496716,-0.029193659082201173
2021-03-22,-0.0014702614866924923,-0.002947064563058932,-0.09880675545533557
2021-03-23,-0.007300628474884996,0.00420042332273729,0.07521187179100952
2021-03-24,0.0034608341081703298,-0.007778902857818792,0.04433505220216083
2021-03-25,-0.003633653726877295,-0.002291819283459895,-0.06556609655538248
2021-03-26,0.0028434090575977233,-0.0030854165403151335,-0.04795552151447913
2021-03-29,-0.011896005111092234,0.0009666010928697233,0.09968181865989645
2021-03-30,-0.017091823816998808,-0.00144197878443586,-0.054484048854243516
2021-03-31,0.015167857324082767,-0.004027045738019597,-0.01070887227359063
2021-04-01,0.012628087827510459,0.0004457788887903824,-0.10670101729522818
2021-04-05,-0.0003704010382533651,-0.0010002289071011639,0.033467970355421706
2021-04-06,0.00802867506459215,0.004313981953136592,0.011725348610297948
2021-04-07,-0.002818323186048577,0.004678428163524373,-0.05298018473281174
2021-04-08,0.01075202788807239,-4.7486026508836154e-05,-0.012237708994171426
2021-04-09,-0.00753747660190629,0.003538931154240421,-0.015339245851263672
2021-04-12,-0.006063609158189043,-0.0012733601511304427,0.01318150427290643
2021-04-13,0.007086479573175097,0.0011914405802817551,-0.015375531119335095
2021-04-14,-0.004344315528953313,0.0033112327681075193,0.020420430052712657
2021-04-15,0.016162763416190717,0.002672952619411806,-0.024720428602236777
2021-04-16,0.006047777218550321,-0.0011971556290383267,-0.019311991594313294
2021-04-19,-0.0027652942409929215,-0.00019148372403277047,0.06400005634014416
2021-04-20,0.0035565515706876827,0.006335809454036445,0.08039325136184017
2021-04-21,0.009911155680072392,-0.0010708288987623105,-0.06316918018726325
2021-04-22,-0.006483147356353358,0.0004453360191536415,0.06914280482700885
2021-04-23,-0.003831414124593202,-0.0019103788602828908,-0.07375730776554967
2021-04-26,0.002644245538133694,0.006250504777101318,0.017888024657076285
2021-04-27,-0.002517371003141977,-0.0006766122021124588,-0.004535143224154603
2021-04-28,0.002944390689552989,0.000714564737621437,-0.015945261264952326
2021-04-29,-0.004133978948338446,0.0037730907940705105,0.019097217048208215
2021-04-30,-0.0033690142851713345,-0.0007276763569032951,0.05678591512439679
2021-05-03,0.012978352341882271,-0.008190845873297992,-0.016120426360561657
2021-05-04,-0.007329692780131181,0.002786131525111424,0.06389951449590203
2021-05-05,0.004142168530566259,-0.0038327774773150303,-0.016940448226939298
2021-05-06,0.01667957921247054,-0.0005884542128350434,-0.03968669681572368
2021-05-07,0.00899681760120985,0.005044664866080906,-0.09244148515566208
2021-05-10,0.0030305045955998366,0.008495398926473774,0.1779508219483823
2021-05-11,0.000174300035968189,-0.0024767285752498314,0.11088506216152072
2021-05-12,-0.009933813872024522,0.00029387645131562223,0.26327838643896095
2021-05-13,0.004107329913244362,-0.0054340864261213095,-0.1616528077982975
2021-05-14,0.009115862292308208,-0.0001002745212409506,-0.18677042159827906
2021-05-17,0.011639321781340195,0.006050930549080791,0.048378515324243754
2021-05-18,0.001946172546249958,0.000534904584481577,0.08215014683780053
2021-05-19,0.000685616890880425,0.00552151594775574,0.0393627060253805
2021-05-20,0.004567270124640199,-0.004183833562572015,-0.06807936014903804
2021-05-21,0.0004545724551812125,0.004315598457791392,-0.02515725475782904
2021-05-24,0.001761036294059215,-0.003447842784843669,-0.08684863687990696
2021-05-25,0.009072814229376336,0.0025772895778577443,0.023913072998898333
2021-05-26,-0.0017420486873281904,0.0028209965686414318,-0.07855623833596592
2021-05-27,0.00039409662496781017,-0.004612427257485008,-0.035714332801561
2021-05-28,0.003770176937892389,4.869039459753921e-05,0.0011947704920629576
2021-06-01,-0.0026909461441234628,0.0035108358588156197,0.06801905573270361
2021-06-02,0.004890446350902078,-0.0012340095487372027,-0.023463691913108042
2021-06-03,-0.019578228541437537,-0.0006471845860595016,0.03203669267484277
2021-06-04,0.010783359066451448,-0.006294536179352939,-0.089800485422317
2021-06-07,0.0040076283608136976,0.002917987829321289,0.0
2021-06-08,-0.0030920774052216604,0.0020728666661506967,0.039585847473210256
2021-06-09,-0.0019175027218333307,-0.0017042140583581888,0.048037475658119
2021-06-10,0.004294325821970535,0.0007517140274577727,-0.10005584512285925
2021-06-11,-0.011252390785353672,-0.0007754178831091973,-0.02795035728430051
2021-06-14,-0.005860923791407013,-0.005122571731379644,0.047284331575444316
2021-06-15,-0.0037777095572453234,0.000993919050279235,0.0384381385952417
2021-06-16,-0.016891711518855712,0.0004002410493513242,0.06639242834163106
2021-06-17,-0.030740427140865334,-0.010843962346389069,-0.022038546938694892
2021-06-18,-0.005547261946798776,-0.006850199257112499,0.166197226081096
2021-06-21,0.012247646651096789,-0.0033365033317003245,-0.13574885360979994
2021-06-22,-0.0041928539145718036,0.003275888241700775,-0.06875347032979973
2021-06-23,-0.0006616578066259704,0.0020292243125450415,-0.020408172611160347
2021-06-24,-0.0006019387497473438,-0.000298304478092537,-0.021446043770847023
2021-06-25,0.0033124733437563947,-0.0002385549563488354,-0.021916116193956947
2021-06-28,-5.999463986816611e-05,0.0009912185233162951,0.008962890163154658
2021-06-29,-0.010505462725200698,-0.0011094247801214374,0.01649747621230091
2021-06-30,0.004853503869870712,-0.002261387132008741,-0.011860207779553322
2021-07-01,0.0034413575356286863,-0.00379414749168705,-0.02210994208190664
2021-07-02,0.006558341503640763,-0.0008884818090965085,-0.026485779039815083
2021-07-06,0.004961455343207799,0.0006406783710120045,0.09090914843906228
2021-07-07,0.003806801143447114,-0.0033109661497897624,-0.014598525749495717
2021-07-08,-0.0006518168637834609,-0.0026321867575267444,0.17283945093793274
2021-07-09,0.003320562334123478,0.0046301331645948185,-0.14842103656969574
2021-07-12,-0.001241101031467462,0.0021062849877842016,-0.000618061105884915
2021-07-13,0.001301782371024407,-0.0006526261676987888,0.058750819941689736
2021-07-14,0.010755182911599048,-0.007571489140241527,-0.04614491102809537
2021-07-15,0.00017547964957964624,0.0049226055054825135,0.041641170137951544
2021-07-16,-0.00970365108457183,-0.001818965027435615,0.08465611491366087
2021-07-19,0.0011805498135817327,0.00018549789937249983,0.21951214469301195
2021-07-20,-0.001297100524211059,-0.0017066072430054202,-0.12311113145616315
2021-07-21,-0.0037192566567244567,-0.000824893946899663,-0.09224529838067741
2021-07-22,0.001955450591350383,0.0007310905803727952,-0.012283602190330645
2021-07-23,-0.0031344183025339145,-0.0016952306802585637,-0.027699251346815612
2021-07-26,-0.0023730060647713103,5.8932597006622345e-05,0.02209297348319761
2021-07-27,0.0016650735799190741,0.0029164853819827474,0.10125146156828113
2021-07-28,0.005046252863966982,0.0013005454274701567,-0.05423559459227267
2021-07-29,0.011105233370970247,0.001930942027677629,-0.0333150584814359
2021-07-30,-0.007886842666167015,0.003971074884161485,0.03050841722613762
2021-08-02,-0.0012366429443513294,-0.002182413613337375,0.0668859281065497
2021-08-03,-0.0007074766626713469,0.000641198473579907,-0.07297010461209863
2021-08-04,0.0002359625041987723,-0.0004391046481545535,-0.003880354690702914
2021-08-05,-0.0039520921003340925,-0.0026989581497277593,-0.03839725392733928
2021-08-06,-0.024991124040327772,-0.00014199493007605035,-0.06539357773223542
2021-08-09,-0.017735654639032372,-0.007284770079574732,0.035294099584386895
2021-08-10,0.00030919522248562537,-0.0009390033374948592,0.004186698866484928
2021-08-11,0.01378497662510525,-0.0012895376634771694,-0.03692679007897037
2021-08-12,0.0002438615008097944,0.0015839553267043005,-0.0358688881242718
2021-08-13,0.014325811995228088,-0.00048011034517492224,-0.0089801373927193
2021-08-16,0.004988291568599701,0.004977404980553768,0.04336576299285588
2021-08-17,-0.0014950364679763295,-0.0012487248704858844,0.1110421163144204
2021-08-18,0.0007786122169375354,-0.0059601863558819135,0.20435510209906327
2021-08-19,-0.002932408589264246,-0.0005500445339591264,0.004636086364605774
2021-08-20,0.0005401616803368814,-0.002281654337924044,-0.1435164097555205
2021-08-23,0.012177557387281546,0.0017944800214149126,-0.07596982155088206
2021-08-24,-0.00047414113127741686,0.004016666301490446,0.004081614949343004
2021-08-25,-0.006937433805443538,0.0007286823861358815,-0.024970871949668183
2021-08-26,0.0011344784228162208,0.001813127383051505,0.12209643390577263
2021-08-27,0.015029547921398434,-0.001528285068751023,-0.13004250228750225
2021-08-30,-0.0049356385559711224,0.003623508401804143,-0.012202493168921968
2021-08-31,0.0020076547129428413,-0.00017812175809306385,0.01791222968576589
2021-09-01,5.8898619200498104e-05,0.0011337958991552988,-0.022451392121492608
2021-09-02,-0.0026517204262498373,0.00259316954035671,0.018621925865588196
2021-09-03,0.01069422486613747,0.003004669747078248,0.0
2021-09-07,-0.01958371853465668,-0.0009143836244995818,0.1054234953274027
2021-09-08,-0.0025044029033459703,-0.00265300504922239,-0.009922839648963677
2021-09-09,0.004423489287242344,-0.002065906493599612,0.04677061221646239
2021-09-10,-0.005058656845151166,0.0005771297849097579,0.11436178793244811
2021-09-13,0.0033497597913456634,-0.001181213920582902,-0.07541765470963968
2021-09-14,0.006438546534438316,0.0,0.004646269558077121
2021-09-15,-0.005864266379652205,-0.0005902961926450567,-0.06577589103373593
2021-09-16,-0.02264197706190263,0.0012718707234040671,0.0280528173993837
2021-09-17,-0.0015850424237688898,-0.004443422009814957,0.11342958112931156
2021-09-20,0.0071441542310690664,-0.00319046996268868,0.2354637070774368
2021-09-21,0.006669036185550814,2.3374508716145215e-05,-0.05250869397877245
2021-09-22,-0.0037340107339023376,-0.0006213408951150079,-0.14326763890289562
2021-09-23,-0.011546389089901132,-0.0030036928399174156,-0.10733117337761822
2021-09-24,-0.00128427290155253,0.0044965722892382765,-0.04723559851896364
2021-09-27,0.00208203509820426,-0.0014654093037853588,0.056901421345455505
2021-09-28,-0.009716428402719801,-0.002239981224344767,0.23933900406917985
2021-09-29,-0.004504756024632184,-0.0008940088868886198,-0.029677442325058756
2021-09-30,0.01797665363761114,-0.007250889529971327,0.02570921708494045
2021-10-01,0.0022530453929923144,-0.002338131769523355,-0.0881589914428128
2021-10-04,0.0046783175745395145,0.0028322114278427346,0.08815159570501252
2021-10-05,-0.004656532835140448,0.0009642726160647985,-0.07229964780507026
2021-10-06,0.0026733243283083574,-0.0019249431217834845,-0.014084471727988102
2021-10-07,-0.005271739220885419,-0.003512824105595058,-0.06952376592726939
2021-10-08,0.00042636491147840516,0.0003814994434316876,-0.039406367537669684
2021-10-11,-0.0018875818465466931,0.0005435686067938317,0.06553007523916032
2021-10-12,0.004514430828637339,-0.0010629439476148583,-0.007499980926513716
2021-10-13,0.017794197805277356,-0.0017069772903097746,-0.060957227635665134
2021-10-14,0.0024464685904206362,0.005683771346053135,-0.09549349987025113
2021-10-15,-0.015892846243722114,-0.0006954468119872992,-0.033214789621489715
2021-10-18,-0.0024799108302698825,0.00047543786974224567,0.0006135110030618396
2021-10-19,0.003213671993580469,0.0014517452243154594,-0.037400348047283094
2021-10-20,0.008763958748792211,0.0015586486059819826,-0.013375798770586256
2021-10-21,-0.0008987052245035265,0.0019814300628668846,-0.03098770492762115
2021-10-22,0.006116967151190034,-0.002545992695255239,0.02798135042568428
2021-10-25,0.006914158513320778,0.0012687600472558458,-0.012313709027853004
2021-10-26,-0.00739951491266011,-0.0024384463829575376,0.04855641615694517
2021-10-27,0.002624060476058121,-0.0011598870049537302,0.0625782245710913
2021-10-28,-0.00023788536339730548,0.00016239596123290845,-0.026501700101433157
2021-10-29,-0.008507900517562339,0.0071971863610365006,-0.01633396530841069
2021-11-01,0.005220584505493342,-0.010863366820322296,0.009225068660444258
2021-11-02,-0.0021490007233168074,0.0037119176436002377,-0.023156560895795986
2021-11-03,-0.008315382622616663,-0.0017369213195504996,-0.05801623614093532
2021-11-04,0.011340951773961994,0.0031362426898386975,0.022516502670477445
2021-11-05,0.0130629437586407,-0.0051999189655006495,0.06735751231330078
2021-11-08,0.003591619309376348,0.0011684323137661767,0.044902899980162614
2021-11-09,0.0049281100201232775,0.001959059651367445,0.03252040624976815
2021-11-10,0.010858781500706183,0.0003478111346459922,0.05343075471894454
2021-11-11,0.005602086369596027,-0.009452917379883963,-0.057127587879079234
2021-11-12,0.0018952552280546708,-0.0030573628652154072,-0.07757638412921752
2021-11-15,-0.0015477459282561279,-0.0008008833973945917,0.012277399898743102
2021-11-16,-0.007233864736584827,-0.006569840434676122,-0.007277072986680122
2021-11-17,0.009137183945092442,-0.003985047341380721,0.04520462633970257
2021-11-18,-0.0032091550635745536,0.0,0.028053741970408108
2021-11-19,-0.007646325240812324,0.0041721000208909675,0.01819213712611245
2021-11-22,-0.022420457120115533,-0.008152241730157717,0.07035177217290145
2021-11-23,-0.008652404091134991,-0.0029791387340473152,0.010954568786483598
2021-11-24,-0.0009565020521100642,0.00024738629959197844,-0.04127963218285824
2021-11-26,-0.001615539860939763,0.0005940791916181354,0.540366036423789
2021-11-29,-0.0013785494630753625,0.007453537686689327,-0.19776385705068866
2021-11-30,-0.006721853018899604,2.2589547499674012e-05,0.1842335199588756
2021-12-01,0.003987937535404162,0.003263165872567031,0.14453844163236207
2021-12-02,-0.005536820827328315,-0.0009509143844581569,-0.10186375291794603
2021-12-03,0.008412002804647267,-0.001175820372980918,0.09731660962818656
2021-12-06,-0.002460563224478851,-0.00012441570746202224,-0.11379197138690988
2021-12-07,0.003549490636251651,-0.0016026315298297567,-0.1946284347362568
2021-12-08,0.0005395140531609943,-0.0009020955422791577,-0.0909090829878787
2021-12-09,-0.006111378376110088,0.006126595156951575,0.08442212750654599
2021-12-10,0.004219899491422874,-0.004607681451426537,-0.13392026876115581
2021-12-13,0.00252130006200435,0.0016402570745917,0.08667730795045947
2021-12-14,-0.009341302746070368,-0.0023361654386201414,0.07779418834331042
2021-12-15,0.004291534360497673,-0.0021395631044885954,-0.11877563027025972
2021-12-16,0.012097561477355745,0.0026193465162343,0.0663555582450257
2021-12-17,-0.002140821851282393,0.003842314341898634,0.04861448783840361
2021-12-20,-0.0042312675861405635,-0.007994095774538912,0.06026894588789067
2021-12-21,-0.0004188884251822289,0.0030223412149650297,-0.08132927599900819
2021-12-22,0.009400024100517657,0.0008917295886046173,-0.11327944037066295
2021-12-23,0.0022540179789249937,0.003659212882693552,-0.035963505446898525
2021-12-27,0.002367247994286892,-0.0002717305796564595,-0.015590133272275541
2021-12-28,-0.004310065233419702,0.0005098175404814054,-0.007918517377369816
2021-12-29,-0.0002965076609273698,-0.0013464403555435434,-0.03363740717171748
2021-12-30,0.0071772153754725565,0.004010104595437491,0.02241882853465449
2021-12-31,0.00683158799329231,-0.0030917400915150273,-0.006347409742402221
2022-01-03,-0.015383743445999576,0.0042764713968936885,-0.03600458516882421
2022-01-04,0.007366515057776857,-0.0062614580888774585,0.018674666193889244
2022-01-05,-0.00300766493835114,-0.0016473983257058178,0.16676521113368237
2022-01-06,-0.012244126909514819,0.002647328567832119,-0.0060820544687738565
2022-01-07,0.004551137683908024,-0.0014686344133981732,-0.04334525012819401
2022-01-10,0.0030402057039400354,0.005052597944538828,0.03411510564179698
2022-01-11,0.0120646549718888,-0.002073518183627887,-0.05103091704045948
2022-01-12,0.002642622730480104,0.0031826550455393843,-0.04291140764402346
2022-01-13,-0.0033969884760131075,0.0066132886860921225,0.15266733817170586
2022-01-14,-0.0028796749096049457,0.0013518511765533425,-0.05514519750543956
2022-01-18,-0.001650255097062403,-1.1387388185513103e-05,0.18759772179685963
2022-01-19,0.015880526897095182,-0.0070923341737112455,0.04651160260463971
2022-01-20,-0.0024988838330701757,0.0012138050969503489,0.07295596407914773
2022-01-21,-0.0032624385581478954,-0.002613516237083058,0.12739352127562054
2022-01-24,0.005494198734739664,0.0024497759060904123,0.03639512038741466
2022-01-25,0.0031971345443269072,-0.0015288134830733213,0.04214047641997154
2022-01-26,-0.016166464916677392,-0.0017295885653036969,0.025673916591080648
2022-01-27,-0.012898211138547944,-0.005396850069371961,-0.04599497357522364
2022-01-28,-0.0029832934474428585,-0.00858323276003281,-0.09281731534766324
2022-01-31,0.005924537392067553,0.0004795308554150779,-0.10231380836290327
2022-02-01,0.0008328835308379912,0.006928700232702534,-0.11558601885025821
2022-02-02,0.0036259919505645666,0.0039458137962296025,0.0059199031664420865
2022-02-03,-0.0014214062993387344,0.002305314001488812,0.10230874663969036
2022-02-04,0.0015420788696549614,0.01201888537307716,-0.04640661397998014
2022-02-07,0.007402581993851909,0.0016954011306149486,-0.015503820570566651
2022-02-08,0.003056870675416823,-0.0010641802908315512,-0.062117237024522876
2022-02-09,0.0033991784238243117,-0.001895917178453499,-0.06902991663801339
2022-02-10,-0.0037965605384254753,2.2753724643775897e-05,0.19789583888369267
2022-02-11,0.019054878321533186,-0.0005249937193843035,0.14429112442310887
2022-02-14,0.005350715998122091,-0.004421035549465824,0.03545319048668061
2022-02-15,-0.009499848975192515,-0.005166933596931544,-0.09283442173841527
2022-02-16,0.010284254451501385,0.00446309909039444,-0.05486380566359328
2022-02-17,0.013668073780773726,0.0016266791759769195,0.15726634626770597
2022-02-18,-0.0007334549100845855,-0.0007728770560625486,-0.012806851744392778
2022-02-22,0.0020890378623359407,-0.0006672941795093923,0.03819817895287869
2022-02-23,0.0045072272703239324,0.0017219991211343544,0.07670951172469942
2022-02-24,-0.006450131470019049,-0.0020689076079442037,-0.02256611065794678
2022-02-25,-0.003330678220184624,-0.010172287699242832,-0.09003956364492816
2022-02-28,0.010365345791119474,-0.0008610449440320522,0.09278722188416721
2022-03-01,0.018163415997793697,0.0031181271875186933,0.10514096571814391
2022-03-02,-0.010406339832951472,-0.007414391565838674,-0.07743097080840666
2022-03-03,0.005953415398956663,-0.0018336334242975427,-0.008458042642086161
2022-03-04,0.015929145881701023,-0.00409463455796899,0.04921259916429599
2022-03-07,0.014862865283030269,-0.017377526810348876,0.1397748994586303
2022-03-08,0.027358997610294145,-0.0008476009724390776,-0.036213982639098585
2022-03-09,-0.029711176156992036,0.003029792687134769,-0.07628807923971881
2022-03-10,0.0031212277978962533,0.01611238118156666,-0.0684129789987108
2022-03-11,-0.007027884128157469,-0.005407776023448663,0.01720147091094537
2022-03-14,-0.015073711931138378,-0.00743389608975531,0.03317074659394059
2022-03-15,-0.01870545038411886,0.0010177217492250978,-0.06106391268822087
2022-03-16,0.006260803404375848,0.002391442268559585,-0.10593361902427767
2022-03-17,0.004888644573449508,0.004794404206408531,-0.03749531297860276
2022-03-18,-0.008789852082788041,0.007037183889137211,-0.07012073360774285
2022-03-21,0.007640798069546317,-0.005079824821331402,-0.014243826587096553
2022-03-22,-0.007250775291250955,-0.002346698435271688,-0.025074378893781613
2022-03-23,0.013659661796972422,0.0011360200928076658,0.02746290959458708
2022-03-24,0.007260367097212672,-0.0021242026269255865,-0.08061093097712246
2022-03-25,-0.004095451209537915,0.00029731091215534633,-0.03968623014876527
2022-03-28,-0.018203790082975457,-0.002514860044454559,-0.056703524048953846
2022-03-29,0.00044678784846130526,0.0010883301611175344,-0.03718795585561396
2022-03-30,0.008038419372069505,0.008884330857017897,0.02275133935739304
2022-03-31,0.000387595883929448,0.006339906610299595,0.06363163720077791
2022-04-01,-0.006365867342034592,-0.008016361027705643,-0.04523347905316466
2022-04-04,0.004846769455083555,-0.0022647094954257874,-0.05399895625369899
2022-04-05,-0.006264842571455875,-0.00646478327922817,0.13247178418139316
2022-04-06,0.002343216670796844,-0.006325795120395661,0.05087967950013872
2022-04-07,0.003784886240234764,-0.0007518871777932867,-0.02488692918169999
2022-04-08,0.006265969312183373,-0.0030639568589273525,-0.018097420113952323
2022-04-11,0.004959463770487282,0.0018505415077689769,0.15170137121782057
2022-04-12,0.007676751619003053,-0.000641882475600819,-0.0045137712992801005
2022-04-13,0.004788537865617837,-0.00476345777917464,-0.10057710268084685
2022-04-14,-0.003303550666205468,0.006505222026846003,0.04033002201755176
2022-04-18,0.0030971927027434454,-0.000529893075068677,-0.023348047085126056
2022-04-19,-0.015112904376299419,-0.0030944085600286275,-0.03608476474097866
2022-04-20,0.004894947496407287,0.0011765266514078832,-0.04913435204370564
2022-04-21,-0.0035576001936850066,0.005132047716967181,0.1161417640647251
2022-04-22,-0.0097220932450649,-0.00135438752007766,0.2438271033900683
2022-04-25,-0.017970993150090764,-0.002227037703191659,-0.042183575516809735
2022-04-26,0.001525017044941901,-0.00895714415828408,0.2405625421864992
2022-04-27,-0.00755702425744631,-0.006588426666132574,-0.05727923777069188
2022-04-28,0.005398323510093839,-0.008317396565946322,-0.050949385788478296
2022-04-29,-0.00011297696546286318,-0.004821411811928078,0.11370462756871169
2022-05-02,-0.018540493535693647,0.0030238676157681166,-0.031736566612720285
2022-05-03,0.00264926246698316,-0.002553798236022531,-0.09554731410044925
2022-05-04,0.009822544372671826,0.0018530708557986664,-0.13094016833183098
2022-05-05,-0.003811138551277793,0.008922921299691522,0.2273800420652159
2022-05-06,0.0016558743678838361,-0.007788880434709378,-0.032371801416157364
2022-05-09,-0.014479496708730832,-0.0007161781962646829,0.15104337148978209
2022-05-10,-0.008445202872691127,0.0031908163887828245,-0.0506474337131857
2022-05-11,0.008167128516088473,-0.003107217974838483,-0.01303426139127628
2022-05-12,-0.015333925720196762,-0.0019448387415861301,-0.02426292635771765
2022-05-13,-0.00810956630229509,-0.012642271766999169,-0.09128106946002879
2022-05-16,0.009538483763206873,0.0020281326891944396,-0.04849329702742333
2022-05-17,-0.006279296383541522,0.0036849476364928524,-0.04987255064177387
2022-05-18,0.0005314848929158789,0.010431853616484466,0.18620684413680677
2022-05-19,0.014697234801531733,-0.007121462112616772,-0.05200254362444057
2022-05-20,0.0006980112537449124,0.010145163935909807,0.002725721385562929
2022-05-23,0.004650369455528214,-0.000866660100889094,-0.03228001199756625
2022-05-24,0.007521859850632806,0.010617928594331527,0.03405903217324835
2022-05-25,-0.006029994959596108,0.005099795195760315,-0.03667232243556173
2022-05-26,-0.0018488983177334939,-0.004648668454274474,-0.030666225361201227
2022-05-27,0.00052102106703944,0.004336175406728371,-0.06472729769620034
2022-05-31,-0.009893009276743081,0.003921486730240842,0.018273764900883505
2022-06-01,0.006369033199590923,-0.0036603042876901526,-0.019091255815355868
2022-06-02,0.012309182073779512,-0.0074472314707665355,-0.03775792917626375
2022-06-03,-0.010152017266979896,0.0090954131655403,0.0028317801018318267
2022-06-06,-0.0044037229040009285,-0.0023275099568660362,0.011294827307630095
2022-06-07,0.006518420844169315,-0.0032288394982695756,-0.041882698438058696
2022-06-08,-0.0009251975242893229,0.00067401764019559,-0.0024979755265417403
2022-06-09,-0.0031832564859568535,0.001779121710889564,0.08889821158196898
2022-06-10,0.013412283666592417,-0.009185684635764857,0.06362590408982616
2022-06-13,-0.026412288230091452,-0.012168340155825574,0.2259459624419342
2022-06-14,-0.008003209616781914,-0.007134383580962855,-0.03909470350260291
2022-06-15,0.013050939388113303,0.002443097685335127,-0.09391244773461938
2022-06-16,0.011243181594596585,0.0014952837362545157,0.11242403205118334
2022-06-17,-0.008222816311715064,0.008669524471857093,-0.05523525220126546
2022-06-21,-0.0037367862070599722,0.0027985968155990193,-0.030195909156774836
2022-06-22,0.003985188163408093,0.0011269656037542486,-0.041073194739407515
2022-06-23,-0.006129257292171064,0.0029896728110676563,0.003454178635086791
2022-06-24,-0.0009984622015154487,-0.00416595669291786,-0.06265059354983915
2022-06-27,-0.0011170700540719114,0.004374321239690504,-0.01028273169313021
2022-06-28,-0.0016480211262837052,0.0013967370732717033,0.05231910231895376
2022-06-29,-0.0007663579045243951,-0.005419735136569348,-0.007052212927895818
2022-06-30,-0.006077047294322124,-0.007312588994527469,0.019531223012811516
2022-07-01,-0.0008310541616338707,0.0029757272313561955,-0.07001039309054802
2022-07-05,-0.02120964335120412,-7.300662772213862e-05,0.031460678973232126
2022-07-06,-0.015842188833696924,-0.01682257214386984,-0.029411813593453018
2022-07-07,0.000555053276362516,-0.0069472013164806334,-0.024317232684692103
2022-07-08,0.0004315313201161963,-0.0016271539983530037,-0.05521474456557396
2022-07-11,-0.005360507452973451,-0.00036595613894940815,0.062094185249382816
2022-07-12,-0.0037167247224720867,-0.011665164743481893,0.04279712785511025
2022-07-13,0.004787690503602615,-0.001434779126710306,-0.01722246994999932
2022-07-14,-0.014047055610919013,-4.0159774116754754e-05,-0.01565995828012623
2022-07-15,-0.0020084561635671516,-0.0007017548862624512,-0.08219697377460611
2022-07-18,0.0009433945063559435,0.007047208975643482,0.04416012030702099
2022-07-19,0.0023874693093759447,0.004839300418470804,-0.031620524157513485
2022-07-20,-0.009402031234323593,0.008491970757633638,-0.02530615670340397
2022-07-21,0.014110421925231709,-0.00474514783408686,-0.03224449654420847
2022-07-22,0.00249575020790771,0.0037613253014305847,-0.003461701496893066
2022-07-25,-0.0027385476219622396,-0.002039989199988601,0.014329132169649261
2022-07-26,-0.0011858106875901608,0.0024232829634851516,0.056934926753241966
2022-07-27,0.010184984698782484,-0.009329266323505392,-0.058728259683077266
2022-07-28,0.012185323455280006,0.007871334021945176,-0.0391566203259186
2022-07-29,0.0028110896821249565,-0.0016614562011467715,-0.04478280355650055
2022-08-01,0.0056672312077465925,0.0015618813922195773,0.07079232228236565
2022-08-02,-0.005938288400823777,0.005202551026187496,0.04772329883125637
2022-08-03,0.002438243761313297,-0.010297809557554993,-0.08274130869142016
2022-08-04,0.016539989487255546,0.0001928583032602127,-0.02323463376561352
2022-08-05,-0.011246066300201418,0.008874700426048987,-0.013526161767891565
2022-08-08,0.008470017618367853,-0.00750610337660651,0.006619446785919081
2022-08-09,0.0030595386607856767,0.0026309358534308824,0.02254577367755073
2022-08-10,-0.0025119508170524663,0.0010310493136156396,-0.09324761800459969
2022-08-11,-0.0026382206776995876,0.00907498261166495,0.023302988710988792
2022-08-12,0.00919802099904432,0.0015475198656440536,-0.033168319355867615
2022-08-15,-0.012867030834262327,-0.00584623010886498,0.021505379494489052
2022-08-16,-0.001750096754401964,-0.00920673663656335,-0.013032592428007916
2022-08-17,-0.006468335614034371,0.0008543621622787434,0.010665265554941072
2022-08-18,-0.0026164156896926194,0.0009366167938638092,-0.017085435130927973
2022-08-19,-0.007320625681104476,-0.008869099630645416,0.05316978240915504
2022-08-22,-0.006637179344595956,-0.005418936765523519,0.1553397473948257
2022-08-23,0.0069908740848763085,-0.009541994707629509,0.013025268202878415
2022-08-24,0.0029489200401788818,0.002760910212849188,-0.05350480642350064
2022-08-25,0.003062787136294043,0.0002192958849878135,-0.04557401499065716
2022-08-26,-0.012152705301765265,0.00021942717310774462,0.17355365748976292
2022-08-29,0.0006182375550920494,-0.003269883377028826,0.02543034554427015
2022-08-30,-0.008340578885610683,0.00758057217874053,0.0
2022-08-31,-0.007725314789180926,0.0011028088293274507,-0.01297208153817453
2022-09-01,-0.008790162100319021,0.0013954237236539768,-0.011983044578061208
2022-09-02,0.008804709144487166,-0.008638561886686547,-0.003521132803927185
2022-09-06,-0.0058394619355668365,0.0043193306859965475,0.056537124965786445
2022-09-07,0.010168638866495439,-0.005453890685378271,-0.08435527575753499
2022-09-08,-0.006002292729855863,0.009875823850971521,-0.041801899545889976
2022-09-09,0.005283756568463582,0.0016320209803157848,-0.03473103234333241
2022-09-12,0.005068186218703863,0.00593199865645655,0.047389200540585596
2022-09-13,-0.01301133993119441,0.005773918897869379,0.14243818596528657
2022-09-14,-0.003847613448870524,-0.014563821472942773,-0.04070409210556314
2022-09-15,-0.018679143196684067,0.00019961698379278303,0.004204916322369412
2022-09-16,0.005549107201315628,0.00042948189641878187,0.001141940570009048
2022-09-19,0.0007700871329356929,0.0034075863686757746,-0.02053228227542203
2022-09-20,-0.005706587274526553,0.0007222246803870735,0.054347810795459806
2022-09-21,0.004642973675810236,-0.005862889656867543,0.030559643901659994
2022-09-22,-0.0005776772692025478,-0.014048072829345282,-0.02286528741986016
2022-09-23,-0.01727683040546535,0.0011022116201444554,0.09396708076704297
2022-09-26,-0.011633219026207842,-0.015406887200598907,0.07820849730188573
2022-09-27,0.002049841746687875,-0.0068329364477182075,0.010539372916239298
2022-09-28,0.02078665233491006,-0.0028596715824626973,-0.07423307614159502
2022-09-29,-0.00019392836526865853,0.011669258220226908,0.05500330784050478
2022-09-30,6.462244018679009e-05,0.012503246332641771,-0.0069095261400811125
2022-10-03,0.024309785681440932,-0.0037506538312601645,-0.048070854440891986
2022-10-04,0.014328122056449066,0.004021387262654885,-0.03421929148145797
2022-10-05,-0.005538266375543777,0.015485641697837949,-0.01788787283187543
2022-10-06,-0.00112629171222689,-0.0073440755512070854,0.06900179591409161
2022-10-07,-0.010962851258976669,-0.012304863326973892,0.027522940366608406
2022-10-10,-0.015201476317757034,-0.005519721288538171,0.03475765725043045
2022-10-11,-0.002058091550185215,-0.0025634555979036078,0.036363644913174786
2022-10-12,0.00534932850905423,-0.0010184906511189196,-0.0017841620988797713
2022-10-13,-0.006923532232980256,0.000805816280401439,-0.04855523311243615
2022-10-14,-0.012458897998479546,0.0044659963486877174,0.0025046938750283854
2022-10-17,0.0028762090057179446,-0.0012270756894514623,-0.02029980041342172
2022-10-18,0.0021509701146735782,0.010988583263886964,-0.02773352935793738
2022-10-19,-0.013398358104674823,0.001775476176293811,0.008524597668256861
2022-10-20,-0.0015822103586343728,-0.009873983931927066,-0.02535762941617703
2022-10-21,0.017827646105301076,0.0012713727108562,-0.009673082475206707
2022-10-24,-0.003243594030472474,0.00830219127795706,0.005389014635704514
2022-10-25,0.002277944142005106,0.0026792235915789053,-0.04656620700949654
2022-10-26,0.006363608620383543,0.0078114524802854746,-0.041461645670640146
2022-10-27,-0.001548523944967184,0.012867329366482494,0.004032210419143256
2022-10-28,-0.010210687443231947,-0.012300296335898242,-0.05987584615530317
2022-10-31,-0.008161399648159207,-0.0012842637772675358,0.005048511097732078
2022-11-01,0.010203429757038585,-0.006900545530541979,-0.0027047796404234825
2022-11-02,-0.006972548399621914,-0.0008494874618303339,0.0019372780102207
2022-11-03,-0.003806036048150885,-0.006428526689766123,-0.02165511833231948
2022-11-04,0.030696289684813083,-0.0066003896793398464,-0.029644269668647527
2022-11-07,-0.003962389674382338,0.018378184728221614,-0.00814659314892785
2022-11-08,0.023099074133724695,0.009046823766432288,0.04887065771724597
2022-11-09,-0.0050172660211307285,0.006209722711393306,0.021534816654065425
2022-11-10,0.030444387121793204,-0.006081764073436191,-0.09812186473630413
2022-11-11,0.006606324071935177,0.017234983280186356,-0.04292393537646866
2022-11-14,0.002187655661719301,0.013375543780961063,0.05372997601585361
2022-11-15,0.0035168677995043307,-0.0008978306983770112,0.03413406611531178
2022-11-16,-0.0022961020109516506,0.003739182328805546,-0.017522424170070217
2022-11-17,-0.007267423593311895,0.0035863385602117326,-0.007465794301908857
2022-11-18,-0.006893636502166456,-0.003201732300133653,-0.03384870270006601
2022-11-21,-0.005589952950737276,-0.0029753632285509646,-0.03287198102485167
2022-11-22,0.00117372396636517,-0.008247803589722214,-0.0478532945266944
2022-11-23,0.006231840940288613,0.00638264774293118,-0.04415220731024261
2022-11-25,0.000858470616118101,-0.000780633960381194,0.007370988487393815
2022-11-28,-0.007903495498554403,-0.003898316208238106,0.08341458948647107
2022-11-29,0.004940425418036076,-0.002120752501491019,-0.014407911211844038
2022-11-30,0.012781920270785507,-0.002033884087158655,-0.05984465520642579
2022-12-01,0.01838479961277617,0.009768476834405293,-0.03595722905060661
2022-12-02,-0.0034556830535615868,0.009886202162251445,-0.039314550435815665
2022-12-05,-0.017158885635801036,0.001497302952485846,0.08866739671621793
2022-12-06,0.0027373742314797944,-0.0044822536852026085,0.06843373861657565
2022-12-07,0.009039101712364994,-0.0026591461795627547,0.02300406978469849
2022-12-08,0.0008416965556858891,0.004226465299703053,-0.017195740052941555
2022-12-09,0.003544160110315664,0.004413799046621314,0.024226064872098885
2022-12-12,-0.008260534556326027,-0.003545912740065993,0.09505037597659727
2022-12-13,0.017081132038632596,0.0018552850472817184,-0.09800003051757811
2022-12-14,-0.0024330212847030186,0.00805502444178785,-0.06252771153512049
2022-12-15,-0.01635930934057528,0.00467631552644221,0.07994326314338274
2022-12-16,0.008708721678036602,-0.0033518427765883985,-0.009198383056260973
2022-12-19,-0.0028178306902848504,-0.005218380116402188,-0.008841766380156879
2022-12-20,0.016594482836064905,0.0027916391825502096,-0.041926874703784645
2022-12-21,-0.0016560135809358112,0.0011690042821561608,-0.06564245239575606
2022-12-22,-0.012085358459954287,-0.0015915521649506603,0.09466864212360981
2022-12-23,0.002998321039039853,-0.0006361526137086404,-0.05006820703232606
2022-12-27,0.008430011409881644,-0.0025855972022179596,0.03737416137667604
2022-12-28,-0.004505807286929064,-0.0002871494728964308,0.02263278428415183
2022-12-29,0.005598251568726287,-0.0007441358397561881,-0.03161693201844007
2022-12-30,0.0046786689817972515,0.002963731578736084,0.010727590322163083
2023-01-03,0.008370656531798915,-0.0029897675594858786,0.05676047706072218
2023-01-04,0.0094119059589024,-0.012255395598315344,-0.03886460281546322
2023-01-05,-0.012451461859522062,0.005642484981084106,0.02044519995053551
2023-01-06,0.01870749684189077,-0.007933674891517195,-0.05921638370081361
2023-01-09,0.0022451175785793698,0.012745001629152375,0.03975391320164223
2023-01-10,0.0036760446135073455,0.007212636696105612,-0.06326806705012156
2023-01-11,-0.000686793935011365,0.0005368935499137084,0.024781352321307182
2023-01-12,0.011568000967502767,0.0025192926532231485,-0.10715980144763149
2023-01-13,0.012001783992939385,0.008753345079312025,-0.025491213180093064
2023-01-17,-0.00654507834469964,0.0005090112725842921,0.055040883263509865
2023-01-18,-0.0028717524486322477,-0.003399900781191234,0.0506198094700645
2023-01-19,0.015868520044824974,0.00042113596705495304,0.008849572459461275
2023-01-20,-0.003335405556458948,0.0033367572336886475,-0.03265107511439913
2023-01-23,0.0018964337632443318,0.0028793633886876613,-0.0020151594336836887
2023-01-24,0.003618515163479552,0.0008481189095626007,-0.030792464384042373
2023-01-25,0.004603959599926544,0.0012739505666399253,-0.006250043461718424
2023-01-26,-0.009055266877154966,0.00311277903582563,-0.018343835580149404
2023-01-27,-0.0013929904624704337,-0.0025275947466020243,-0.011745825879941552
2023-01-30,-0.002566715270248765,-0.0021090037851332344,0.07725555307905929
2023-01-31,0.0036362115419990015,-0.0019097249254850235,-0.02708128891997874
2023-02-01,0.012596814339808304,0.0009449341051008808,-0.07886591800937293
2023-02-02,-0.02075193653580043,0.013986332519027034,0.04812527490848306
2023-02-03,-0.024957770292002968,-0.009781939220090408,-0.021356093342568938
2023-02-06,0.0020754098721176284,-0.010477944512183313,0.06001093213574449
2023-02-07,0.000920425708082595,-0.005569247387685716,-0.039629461949033495
2023-02-08,0.002471594120761589,-9.653820013244552e-05,0.05198281464557564
2023-02-09,-0.007912418174625069,-0.0012966698660300535,0.055017828317822426
2023-02-10,0.0019071943211166342,0.002470776201964231,-0.008691376426090858
2023-02-13,-0.005076170279846859,-0.00601157126484031,-0.009254774851576553
2023-02-14,0.0007537389032514774,0.004935963763336382,-0.07030483256873721
2023-02-15,-0.00996466725346834,0.000493927118309756,-0.03595982605303094
2023-02-16,-0.0008192368783922488,-0.004094928431470746,0.10641802428809233
2023-02-17,0.002986790669610162,-0.0024318489142922672,-0.007436768367024893
2023-02-21,-0.003737004613899475,-0.00017081787957773376,0.14235765815702117
2023-02-22,-0.005626488586046308,-0.002865454534092482,-0.025360730320178493
2023-02-23,-0.0005304511136865475,-0.004337728174182431,-0.051592708777226104
2023-02-24,-0.00719467575637045,-0.0007312747413590337,0.025070988739244404
2023-02-27,0.003920334893926292,-0.004084682530496431,-0.03322562578770549
2023-02-28,0.00455596886271592,0.0053479946234307185,-0.011933173789771434
2023-03-01,0.005772150633673867,-0.0031943562553166105,-0.0057971417782864965
2023-03-02,-0.0005855636445488699,0.008663242754052058,-0.04810494532498932
2023-03-03,0.010723085619275707,-0.006487102779762277,-0.05615111653403504
2023-03-06,-0.005043830646819902,0.002497160273063681,0.006490040060511015
2023-03-07,-0.017480480627863337,0.005846596508106927,0.052659833965358116
2023-03-08,-0.00047445044105887124,-0.012871932027811672,-0.02450227353229084
2023-03-09,0.009849316056938173,-0.00011603719969588422,0.1831501773005757
2023-03-10,0.021562856843419187,0.0033341684009291495,0.09685973319727981
2023-03-13,0.022948211912439564,0.009348143711590318,0.06935489006518969
2023-03-14,-0.005791064746217711,0.003871752264984485,-0.10520365261572151
2023-03-15,0.007804133170404848,0.00024675464840751005,0.10155920328285806
2023-03-16,0.002020092008242713,-0.01345147816798975,-0.12050496144149447
2023-03-17,0.02912021467748982,0.002908325458965244,0.10961289616581449
2023-03-20,0.0003808677357699519,0.006097634252235196,-0.05331244994705253
2023-03-21,-0.018875115806276432,0.003773132904811183,-0.11469981372746085
2023-03-22,0.01702060989813825,0.005139307461304199,0.041160014156131464
2023-03-23,0.012538176085624908,0.008924567538366901,0.015723287415586373
2023-03-24,-0.011252350246951037,-0.00325055660065543,-0.038478585393539766
2023-03-27,-0.009256722051406152,-0.005248921648501104,-0.052437874960925224
2023-03-28,0.008189093257242153,0.002680116800534149,-0.030582575555772262
2023-03-29,-0.00496077000653139,0.0030025495197298913,-0.04256377082360119
2023-03-30,0.009039576549164652,0.00037952901230409175,-0.005230145244791484
2023-03-31,-0.005212246135594234,0.005626793311566347,-0.01682437892337696
2023-04-03,0.007204410308019105,-0.009290861759458813,-0.008021471644866773
2023-04-04,0.018640958960437715,0.010082984873371004,0.02425880223436394
2023-04-05,-0.0007979247786651378,0.004384046445045309,0.004210522300318598
2023-04-06,-0.007134091065472581,-0.005179136878680546,-0.03563942913495044
2023-04-10,-0.007399886547073353,-0.0006001876104815285,0.03097824492616752
2023-04-11,0.006320556237305208,-0.004054300117389831,0.0068529822256617745
2023-04-12,0.004885138866613126,0.0044325122994950394,-0.000523572182309362
2023-04-13,0.013515672558895409,0.0075459674748579175,-0.06757469383008197
2023-04-14,-0.017710313033589165,0.004974544770415257,-0.04101121199580893
2023-04-17,-0.0044537552497120325,-0.006152516278222664,-0.007029814530175482
2023-04-18,0.003880780603893852,-0.0055719125780892,-0.007079695211328563
2023-04-19,-0.004778520212877502,0.004576713719873782,-0.02198460136130065
2023-04-20,0.00393825919904689,-0.0021137596072823284,0.043134935073663616
2023-04-21,-0.00988766926809792,0.0017114824208963597,-0.023296424971048224
2023-04-24,0.003039335460481629,0.0019455441063704892,0.0071555711752655515
2023-04-25,0.005086318131183543,0.006115940312673818,0.11071645392595375
2023-04-26,-0.0054373863086726315,-0.007333535186277218,0.004264388205224678
2023-04-27,5.410039265330013e-05,0.006274821933590191,-0.09607215771140842
2023-04-28,0.0002706525128974846,-0.0013789595313846714,-0.07339993560038638
2023-05-01,-0.004491351825477108,-0.0019159632229287515,0.01901141925294425
2023-05-02,0.019296640909943763,-0.0037843921728094587,0.10572144098292036
2023-05-03,0.008479075840785555,0.003798768201457303,0.031496031738794894
2023-05-04,0.00703295344911492,0.005268809311456124,0.09541984653435587
2023-05-05,-0.015647950479605433,-0.0041556061589043125,-0.14435040301165503
2023-05-08,0.0012269055761324754,-0.0003856510137344449,-0.01221646220459538
2023-05-09,0.007086162362163639,-0.0020453015080595938,0.042991729205911655
2023-05-10,-0.001428442843921074,-0.0028618103774721293,-0.0434781812659798
2023-05-11,-0.008582755587748347,0.0017684600274869844,-0.0005903322648502796
2023-05-12,-0.0017100802429794726,-0.006547357479011251,0.005906696967935332
2023-05-15,0.0021412620336231925,-0.005447918677449981,0.005284800291198266
2023-05-16,-0.0124993937971285,0.001935433839248324,0.050817692128321434
2023-05-17,-0.0034618889303412725,-0.0007388021428880176,-0.062256750757876844
2023-05-18,-0.012972911279784505,-0.0025144866312231118,-0.04860708721874096
2023-05-19,0.0098988291245512,-0.005808049922436109,0.0473520414335562
2023-05-22,-0.002341497915543389,0.00439415257651854,0.02379533796777844
2023-05-23,0.001200731149241463,-0.0010810927507085566,0.07669969043541625
2023-05-24,-0.008068450017086337,-0.00382326003791833,0.0809498081174409
2023-05-25,-0.009618027091793824,-0.0011510590374074203,-0.044433413204546524
2023-05-26,0.003995567330169925,-0.0030564423990097067,-0.0621733889580256
2023-05-30,0.006190554546333882,-0.001434884194828956,-0.027298142486906207
2023-05-31,0.0015382006614657051,0.002372124382281404,0.02749149339943724
2023-06-01,0.00789813034647624,-0.0035294963065128915,-0.12764776183701698
2023-06-02,-0.014747450675273721,0.0061336817148627265,-0.06709260464245015
2023-06-05,0.006020416015011243,-0.005777239184238336,0.008904051874655927
2023-06-06,0.0010980396887689814,0.0012318024997735044,-0.05227423815469123
2023-06-07,-0.012010543410059138,-0.0012837051905092434,-0.0014326975436259604
2023-06-08,0.013211240429905624,0.0008779639082063806,-0.020803441218256724
2023-06-09,-0.0026845203333208945,0.007030353420354185,0.013186835912539108
2023-06-12,-0.0008788640365902101,-0.002945761613426079,0.08532178681744873
2023-06-13,-0.007367558613950331,0.0011193590458071778,-0.02664893844804339
2023-06-14,0.0005539277015322863,0.0024492036405445727,-0.0499657467070983
2023-06-15,0.007030581691497284,0.004976929014374631,0.044668579282937326
2023-06-16,-0.0015392159510752013,0.009490087025812999,-0.06620689918254985
2023-06-20,-0.010350739592973501,-0.0016277528317081291,0.025110794205745357
2023-06-21,-0.0014464228474878604,-0.0003603241433216553,-0.048991376049651536
2023-06-22,-0.009916979914319946,0.006617638951915028,-0.02196969439722829
2023-06-23,0.0027572461643308177,-0.003068550813546622,0.041053426741707755
2023-06-26,0.0017396047357047806,-0.004766237771259507,0.06026789024599055
2023-06-27,-0.004593535884055422,0.0003492116615053664,-0.03578948974609375
2023-06-28,-0.002307409851291853,0.004284243629030016,-0.022561824680231046
2023-06-29,-0.001071764681377263,-0.00377693292288539,0.008190592269372798
2023-06-30,0.006663323502016594,-0.004379772168849438,0.00369277628328879
2023-07-03,0.0011218766110339118,0.0036322098498984268,-0.0014717040131794201
2023-07-05,-0.00353003237800964,-0.002579694886849393,0.04495214621001242
2023-07-06,-0.002980200124891419,-0.0026056420166346017,0.0888574928131427
2023-07-07,0.007500997402107412,0.0031365420823148416,-0.03950775085850766
2023-07-10,0.0007836956455820054,0.007261928113446503,0.01618339665224955
2023-07-11,0.0037476125602418087,0.0033018654170349215,-0.015262080085862384
2023-07-12,0.013541420874312982,0.0007378319201123418,-0.0876010901191373
2023-07-13,0.0007146999149643118,0.011846719009202866,0.005169844536294876
2023-07-14,-0.0031866482531699436,0.007081930556925409,-0.019838318214570272
2023-07-17,0.0007165567329587841,0.00038184037288013783,0.010494706750155292
2023-07-18,0.011456278139590825,0.0008764642952547863,-0.013353068072256224
2023-07-19,0.00016335645500209495,-0.0007747078827242682,0.03458646853760361
2023-07-20,-0.005063389149303599,-0.0021066989289000304,0.016715082733324893
2023-07-21,-0.0030645332195952113,-0.0060807699705690554,-0.02787701186768976
2023-07-24,-0.00428147332668416,-0.0010570004201242433,0.022794077738759633
2023-07-25,0.005567859975791123,-0.005586867539592366,-0.003594550056315482
2023-07-26,0.0048791150253855164,-0.001149188725558914,-0.04834055504259438
2023-07-27,-0.01571197400361901,0.002525837950030141,0.09249433706148413
2023-07-28,0.007981390400291666,-0.00899161957941541,-0.07494794830966023
2023-07-31,0.0026944104889450315,0.004145109563362226,0.022505640844104002
2023-08-01,-0.010364679607279714,-0.0024194883487713703,0.022010285268964536
2023-08-02,-0.004765602229612864,0.000935672717465863,0.15506100503167586
2023-08-03,-0.0003341470787491252,-0.005789423526761706,-0.010565573317698362
2023-08-04,0.003620414278603157,0.0006790391062911905,0.07412062182919765
2023-08-07,-0.0022753962847783527,0.0046651443464760245,-0.07777777158106369
2023-08-08,-0.006341080194621318,4.398837146823986e-05,0.013950495051900047
2023-08-09,-0.00475820704444585,-0.004021942081347207,-0.0018761559349974588
2023-08-10,-0.0010686044760203073,0.0017124995716848446,-0.00689220904851684
2023-08-11,0.0,0.00036237321552645696,-0.06372241038319659
2023-08-14,-0.003040588549344525,-0.003392720966774565,-0.0013477397276295822
2023-08-15,-0.002654474343068869,-0.003152985991122126,0.110661229650443
2023-08-16,-0.005776029417432049,-0.0005233900728965901,0.019441167677507476
2023-08-17,-0.0015378724223797935,-0.0026861019315007617,0.06615009878315026
2023-08-18,0.00017112823031739666,-2.170454328709326e-05,-0.03297932770916012
2023-08-21,0.002737670236275802,8.703930010756089e-05,-0.009826594438788527
2023-08-22,0.0016495566176504273,0.0020924881975554754,-0.009340330137234454
2023-08-23,0.01016464068195777,-0.004740106320141768,-0.058338232832990555
2023-08-24,-0.00022482031744353037,0.0017603294476837839,0.07634551036616566
2023-08-25,-0.0012932863561120334,-0.006133924717840578,-0.0883721157175057
2023-08-28,0.0028713533365909427,-0.00016204929212715324,-0.03826532970612717
2023-08-29,0.009768091768254772,0.002608996915706596,-0.04177719612919528
2023-08-30,0.0025018747942815445,0.004032535580629437,-0.03944634618325349
2023-08-31,-0.0016637258183913595,0.005827092305068504,-0.022334323995730432
2023-09-01,0.0004999240959600026,-0.008089840838697682,-0.03537211149823438
2023-09-05,-0.008161685723844458,0.0017269857930499732,0.07028266352709411
2023-09-06,-0.004534245193468567,-0.006328395394398223,0.03140610800820931
2023-09-07,0.0010684498647577367,-0.00018237880644911275,-0.003460220857774976
2023-09-08,0.0003370270596214642,-0.0024603954040161025,-0.03888885283175714
2023-09-11,0.001853109993606994,0.0018970398979003544,-0.0028901706222559387
2023-09-12,-0.005156651253074851,0.0030101195583809304,0.031159372866542467
2023-09-13,-0.0023100098564432514,0.0002689045736952167,-0.052705553346921175
2023-09-14,0.0005082241752882855,-0.001771189028006659,-0.04896141467543513
2023-09-15,0.006603816566220333,-0.009041573245960888,0.07566304915127442
2023-09-18,0.005887647601878543,0.002923086612704795,0.015228429204342975
2023-09-19,-0.0009476457412548323,0.0022882530643852927,0.007857118334088975
2023-09-20,0.0007253927124595272,-0.0009934598434746533,0.07299792428826057
2023-09-21,-0.007248413758109917,-0.0027165130783666225,0.15852050976095722
2023-09-22,0.0032013033173832195,0.0007995380695380305,-0.019384272225830057
2023-09-25,-0.005150588926742139,-0.0012245689773250357,-0.017441926226863136
2023-09-26,-0.007990985893820302,-0.005338197611603257,0.12071011606950299
2023-09-27,-0.012366647894697436,-0.0020927596526203462,-0.03801484690607215
2023-09-28,-0.004997187509914736,-0.006071963299337679,-0.0482985287557941
2023-09-29,-0.01027534966921384,0.005439666364406293,0.010380640345549086
2023-10-02,-0.010498705650611395,0.0002640956540915784,0.0051369948765045415
2023-10-03,-0.0028882419805683623,-0.007996826272971713,0.1232254401523627
2023-10-04,-0.00011825651470720455,-0.0008064248286944187,-0.06066737721347171
2023-10-05,-0.0018327868021307259,0.0033202797285585284,-0.004843926423974909
2023-10-06,0.005153083621109555,0.00376515917344844,-0.05624656684978524
2023-10-09,0.01838544744893622,0.001976115262350975,0.01432664693808805
2023-10-10,-0.0016780958953311886,0.0010790061501657622,-0.03785311002340763
2023-10-11,0.007303045938392039,0.0024497971874435365,-0.05519674081955506
2023-10-12,-0.0030496507265770356,0.0018379162458757037,0.03729026574143468
2023-10-13,0.03214825984540237,-0.008239741642275256,0.15757933352966802
2023-10-16,-0.004864928190345896,-0.0014413625107041472,-0.10921328383441054
2023-10-17,0.001854273768354009,0.003113486233303764,0.03893086065869911
2023-10-18,0.014470816805260078,0.0017762268203020959,0.07494408364001504
2023-10-19,0.012274016037125302,-0.003266877693623771,0.11342353709976805
2023-10-20,0.0027308974274993236,0.004552195331632758,0.01448595661066987
2023-10-23,-0.0033770637265356784,0.00032824384587826216,-0.06172263020488311
2023-10-24,-0.0001093308866343401,0.007543641543408253,-0.06872859441333212
2023-10-25,0.004208823642007475,-0.006982386055249035,0.0643121383691494
2023-10-26,0.0015784524505007003,-0.0026523324751750454,0.024269428338627552
2023-10-27,0.011629799758343662,-0.0002640885189518771,0.02852998761514658
2023-10-30,-0.00564054701797434,-0.0001901352849225102,-0.07146217325109949
2023-10-31,-0.005456562573315948,0.0049784288024075085,-0.08151901824564878
2023-11-01,-0.003150642851826202,-0.003385352882468773,-0.0700109478029951
2023-11-02,0.0033240729584831374,0.0007517134694974281,-0.07172501076628712
2023-11-03,0.003638921283475316,0.0030264395151795576,-0.047892720773170416
2023-11-06,-0.007792560392528847,0.010646343526523161,-0.0013413483765277734
2023-11-07,-0.0041451308444239165,-0.0009864732863567038,-0.005372728130387805
2023-11-08,-0.00996764391222027,-0.0023744990630868434,-0.02430794059092134
2023-11-09,0.003982968433291267,0.0013388626477159882,0.058131499216304006
2023-11-10,-0.010909752197912126,-0.00400042116726107,-0.07325048321473948
2023-11-13,0.005570720464602941,0.0021166411059054813,0.04163727236494141
2023-11-14,0.008919177105678688,0.0010916021349414162,-0.04065043171853533
2023-11-15,-0.002635601473798599,0.01649151831354989,0.0014124617216946245
2023-11-16,0.011286077178189302,-0.002181714495114284,0.009873017393189798
2023-11-17,-0.00010890234740634774,-7.599816506165258e-05,-0.03631281530524766
2023-11-20,-0.0016333808174913145,0.00490807531990578,-0.028260894053073637
2023-11-21,0.01079790063288577,0.0035684002956233307,-0.004474233156233853
2023-11-22,-0.004262252597287075,-0.002532964312081498,-0.03745318245039286
2023-11-24,0.005201596914642392,0.0014178090521081987,-0.0303502203692656
2023-11-27,0.006737817869841178,0.003128907582130358,0.018459032225695893
2023-11-28,0.013331852960406732,0.0016438017038615804,0.0
2023-11-29,0.0014794398574642376,0.0043364265486818265,0.02285263762351275
2023-11-30,-0.004167950375202456,-0.002930098224145139,-0.004622455166284678
2023-12-01,0.017271494075951965,-0.00743921803314862,-0.022445817348339614
2023-12-04,-0.02161342646325959,-0.0003593113742242915,0.03562943825713938
2023-12-05,-0.0037794459254785195,-0.004627728334785308,-0.01758406296467019
2023-12-06,0.0036868953454944897,-0.004069243241750842,0.009338512217643702
2023-12-07,0.0016503277504122948,-0.0024977977499498483,0.00693910182998847
2023-12-08,-0.01334039111485108,0.00236343746955181,-0.05436447284339452
2023-12-11,-0.011042895165362276,-0.002443802160275177,0.022672042455262664
2023-12-12,-0.0005446421195114404,7.529635204672758e-05,-0.044338908514846676
2023-12-13,0.022562533466176538,0.0029805145498138508,0.009941995740939458
2023-12-14,0.005862552982469849,0.008099171382361048,0.023789989486111995
2023-12-15,-0.009166511771857233,0.009872373342467489,-0.016025626330215204
2023-12-18,0.004545487184575592,-0.008945032271384545,0.022801359343169958
2023-12-19,0.00681394057869511,0.0026216654758792757,-0.0023885896212750835
2023-12-20,-0.005445982936102989,0.0052379143458374244,0.09098167339325469
2023-12-21,0.007070635455129759,-0.0032180185590533483,-0.0014630912693524012
2023-12-22,0.004434417088942322,0.005525202446632571,-0.045421238306660006
2023-12-26,0.007620733251079592,-0.0005730958886397408,-0.003069835968746104
2023-12-27,0.004537842226414179,0.002065020563667419,-0.04311004432713539
2023-12-28,-0.005815437657636813,0.0059431859276410925,0.0032180177691847334
2023-12-29,-0.001566841018672216,-0.003641424869924248,-0.001603885913022296
2024-01-02,-0.002353909884146743,-0.0015454528986756921,0.06024096477831753
2024-01-03,-0.008336809604204354,-0.008786204622023064,0.06363637611557316
2024-01-04,0.0010046128932528209,-0.0012785158887330672,0.006410267295756666
2024-01-05,0.00015845540955172766,0.0017953771819319009,-0.05520167916870922
2024-01-08,-0.007816271130823282,-0.00047052628163146704,-0.020224752812624813
2024-01-09,0.0003193567900841021,0.0008651256948868369,-0.02446480861549971
2024-01-10,-0.00228804710551489,-0.0017601046005020216,-0.00548594414129322
2024-01-11,0.0019733072916665595,0.003907190486658552,-0.019700552266877946
2024-01-12,0.009794068475553752,0.000592943161743742,0.020900340647264315
2024-01-16,-0.009488181898979597,0.0,0.08976380790896399
2024-01-17,-0.01101595063528893,-0.006113749991014994,0.06864160395890595
2024-01-18,0.008232882099906247,0.0006421361876616238,-0.04462473624843866
2024-01-19,0.00298872590696031,-0.0006091998707791202,-0.058740263056175857
2024-01-22,-0.003777957126316789,0.0012090614520767762,-0.00827072246421412
2024-01-23,0.0038991332271092194,-0.0011097587522371777,-0.04852156254805884
2024-01-24,-0.008246890539639895,-0.00205215722482599,0.04701196363514493
2024-01-25,0.003969986681303217,0.002198116850315124,0.02359204397585213
2024-01-26,-0.0006946931881827156,-0.003188993491867853,-0.014126363054103419
2024-01-29,0.0070584854445867595,-0.0003253046819037264,0.02564103670581619
2024-01-30,0.0013805262268788976,-0.0008343042513787591,-0.02132352600873144
2024-01-31,-0.0007423479101065222,0.0008241081449942289,0.07813673396435372
2024-02-01,0.01040067256889099,-0.0036408998446917362,-0.03275263097802583
2024-02-02,-0.009453300862028224,0.006546518613900432,-0.0021613640290952807
2024-02-05,-0.005513988032274764,-0.008699545159365218,-0.012996411568089838
2024-02-06,0.005224693124019186,-0.0035447479784265212,-0.04462323725477424
2024-02-07,-0.0002651978305409086,0.001430711534839757,-0.0176110634395672
2024-02-08,-0.0009018470501077624,0.0017241086979722375,-0.0031176899525243718
2024-02-09,-0.003876152075832917,0.00014005430257113538,0.010946078478523358
2024-02-12,-0.0026119694947860372,0.0019436726497759071,0.07733951866959421
2024-02-13,-0.013788690196348319,-0.0024021357911608865,0.13783201968635694
2024-02-14,-0.0005961123453055439,-0.005879202295596797,-0.09274449411038432
2024-02-15,0.0067238125229136525,0.0021679108452647977,-0.02573017264356725
2024-02-16,0.0036625695484677756,0.0038892439644739873,0.016416812168366768
2024-02-20,0.006064210073093879,-0.0008837131826242572,0.082865191302115
2024-02-21,5.331256612173263e-05,0.003503573049315589,-0.005188062471480959
2024-02-22,0.00042672195902415666,0.0006708392833341126,-0.05215125050698921
2024-02-23,0.005651511902278639,0.0004871754532318473,-0.054332872347019445
2024-02-26,-0.0022266895335479875,-0.0005194228009101076,-0.0007272893732244157
2024-02-27,-0.0010626830578386315,0.002853848012403848,-0.022561824680231046
2024-02-28,0.00180849115899262,-0.0005639159695992602,0.030528655107632474
2024-02-29,0.005150266749304189,-0.0005528021705811792,-0.03179194575191846
2024-03-01,0.018910791174389097,-0.0031226566602047257,-0.021641788814083185
2024-03-04,0.016174996770490724,0.003491335816306229,0.02898551673472971
2024-03-05,0.006020141664404566,0.0011506775155347704,0.07190513591449865
2024-03-06,0.008215401882095241,7.599404215485883e-05,0.0027662490835065334
2024-03-07,0.005683843351386164,0.004011016541833223,-0.004137959973565475
2024-03-08,0.008452547868211147,0.004642906047294559,0.020775637081209553
2024-03-11,0.00183502012710135,-0.0006565677953876969,0.032564484624427736
2024-03-12,-0.01094062729637224,-0.0010603929401840073,-0.09067017675620026
2024-03-13,0.00700740378557585,-0.0003278122880970846,-0.00650290112685159
2024-03-14,-0.004175139558116325,0.0025197242768419947,0.04727269952947433
2024-03-15,-0.00319440663913817,-0.006562695389562556,0.0006944603574132735
2024-03-18,0.0016022835845583838,-7.623501546549782e-05,-0.005551694972461885
2024-03-19,-0.0011498061737871268,-0.0007937371227215717,-0.03558968817844477
2024-03-20,0.011911859798154678,-0.0009777760139780822,-0.056439924037285816
2024-03-21,-0.0010386361790747367,0.006803066718666706,-0.009202445238506662
2024-03-22,-0.00802096899240623,-0.006843421167792574,0.010835939821674634
2024-03-25,0.0031944066391380588,-0.005047075233675091,0.009953993613303291
2024-03-26,0.003233961285236564,0.002839613982804634,0.003790765149775055
2024-03-27,0.007240660177973313,-0.0005415890093947162,-0.0347432058987206
2024-03-28,0.012900024807739996,-0.0017517638968261862,0.017996909289228258
2024-04-01,0.010208079384865787,-0.00016178799477861716,0.04919288073705452
2024-04-02,0.014772360490971526,-0.005143150317636236,0.0703296750897886
2024-04-03,0.008772374739768773,0.0029182757337018472,-0.019164937683158856
2024-04-04,-0.005734705223284009,0.006481340849805228,0.14096304734949738
2024-04-05,0.017114197447370305,-0.00011922747634585118,-0.019571846321599473
2024-04-08,0.00622848536623688,-0.0006065486129902542,-0.05240181349224815
2024-04-09,0.005497054993034878,0.0030636417249643166,-0.013824887685854326
2024-04-10,-0.009463856185613961,-0.0004018391107306618,0.05473969783420429
2024-04-11,0.019433247203493043,-0.010827671256997462,-0.05632913497334324
2024-04-12,-0.013239324939518515,-0.0013837832894822988,0.16096577083110009
2024-04-15,0.01871915519396472,-0.007199109613056143,0.11091855202373435
2024-04-16,0.0012220152803359419,-0.002242108544694643,-0.04316172352906522
2024-04-17,-0.007368252752093185,-0.00040354405243714364,-0.010326116195473745
2024-04-18,0.0034154561341945833,0.00451316778317401,-0.011532075509642303
2024-04-19,0.003131535140574959,-0.002363091527059935,0.039444393581814285
2024-04-22,-0.02470249054532203,0.0013216500410460075,-0.09460174436266822
2024-04-23,-0.002458663172418052,-0.00039414857141839565,-0.07378990048797274
2024-04-24,-0.0018600907225296837,0.004720570617393394,0.017845805872141796
2024-04-25,0.005963468053189924,-0.0004172858578515015,-0.03757046784203688
2024-04-26,0.003241927353549112,0.002779056228315868,-0.022121025056567434
2024-04-29,-0.002031218037689575,-0.002120068399481645,-0.023952073391426465
2024-04-30,-0.019937078844561418,0.0008251340439218158,0.06680296776684846
2024-05-01,0.00906215232545482,-0.004586615036051955,-0.01661337262268492
2024-05-02,-0.0030870874411647042,0.005157048926138108,-0.04613385460092079
2024-05-03,-0.0007976266365629092,0.0010733945474359352,-0.08106270499449886
2024-05-06,0.010518361024399514,0.00233441227800002,0.0
2024-05-07,-0.004600326433150892,0.0008721746157627219,-0.01927355324634561
2024-05-08,-0.002941061869504713,-0.0015803038824503401,-0.017384697671535276
2024-05-09,0.015778607960932778,-0.00033310542298736756,-0.023846186124361513
2024-05-10,0.008112513438038427,0.003559004264149568,-0.011032261172400193
2024-05-13,-0.011202103844459854,-0.0013678194040684932,0.08366535257186958
2024-05-14,0.008462045119477013,0.002148010508616016,-0.013235316185802093
2024-05-15,0.012838750510223873,0.001946593428366894,-0.07228019832446109
2024-05-16,-0.0038933433506626036,0.006958517197712899,-0.0024096171430353364
2024-05-17,0.0164977725898805,-0.002021339610122852,-0.034621602458483336
2024-05-20,0.004023937591649318,0.0007068450993499287,0.01334444123990064
2024-05-21,-0.001469548604570936,-0.001346704651206121,-0.023868310366918943
2024-05-22,-0.01837396956557802,-0.0005210343327269884,0.03625635055846632
2024-05-23,-0.019944570339717638,-0.0027604945630765876,0.03905618367782915
2024-05-24,0.0009271136061119734,-0.0011568313063549107,-0.06577917952048329
2024-05-28,0.010513172896031486,0.0013143355434903636,0.08298405245544349
2024-05-29,-0.009303812074716977,-0.0009224489840714556,0.10526313070017856
2024-05-30,0.0018967600627461945,-0.004612329057552267,0.01330535977664793
2024-05-31,-0.00586417430627717,0.0031097347455193436,-0.10711818674023643
2024-06-03,0.008917780500373507,0.0016279400589764847,0.014705849788028802
2024-06-04,-0.008977059834655465,0.005006481625289716,0.003813897181103032
2024-06-05,0.011845603201319,-0.0023396196060713192,-0.04027353640702469
2024-06-06,0.007391356612921562,-0.000674161906872528,-0.00395884325271656
2024-06-07,-0.03568330143379639,0.0018301472109247818,-0.028616825028659476
2024-06-10,0.009168181127878317,-0.010606295366450635,0.042553149977613725
2024-06-11,0.0028566106093961263,-0.0013563397936425803,0.008634270983343129
2024-06-12,0.0026617200115086614,-0.0022233252467021014,-0.06303505023896772
2024-06-13,-0.008150148984962247,0.0067799586265469,-0.008305679550378975
2024-06-14,0.012959545903254766,-0.00687287799533598,0.060301532021133974
2024-06-17,-0.005191652247571676,-0.0034140414735827074,0.0071090168777756535
2024-06-18,0.004007271832187298,0.0035981656628754077,-0.03529410268746169
2024-06-20,0.012484347826456466,0.0008601434112416317,0.07967475829590032
2024-06-21,-0.015493238109986152,-0.004196899470109816,-0.006024090761646117
2024-06-24,0.003957566385821121,-0.0017420859848481518,0.009848493660558288
2024-06-25,-0.004962237629221655,0.004207219620098845,-0.03675917283740937
2024-06-26,-0.009228168111804491,-0.0021526644623542923,-0.022585666542580096
2024-06-27,0.011336925587312363,-0.0027554909460054677,-0.024701228279307874
2024-06-28,9.297647872519299e-05,0.002655728098447163,0.01633985400367921
2024-07-01,0.002604589701363791,0.002501303028703994,-0.017684832859754307
2024-07-02,-4.643394389247657e-05,0.00017178606538514885,-0.015548324869538943
2024-07-03,0.011273000380832565,0.0010534106278563549,0.004987566163634494
2024-07-05,0.013486798057397165,0.0016107649996139894,0.03225801362500036
2024-07-08,-0.012402074526820739,0.0014182900309382962,-0.008814075377564845
2024-07-09,0.0016957473442755777,0.00045487934906107697,0.01131773198205055
2024-07-10,0.0036603361122538036,-0.0014924617474129098,0.02717826909410692
2024-07-11,0.017733403441032136,0.00171162134456182,0.00544744690631771
2024-07-12,-0.0006270969301161999,0.0036424246238953017,-0.035603717912586985
2024-07-15,0.0032271131671974818,0.0011756735673211782,0.0529694899993165
2024-07-16,0.019925798233449088,0.0014717265118406875,0.0053353426398474735
2024-07-17,-0.004643206403117217,8.715248765667205e-05,0.09780136488947022
2024-07-18,-0.006381186355259194,0.00345714833044819,0.1001381774018697
2024-07-19,-0.017937829186174925,-0.00353208229081603,0.037037045906157084
2024-07-22,0.00031573231212611574,-0.0002180452451537862,-0.09745766136434542
2024-07-23,0.003516676143213937,-0.0008603399994553396,-0.012743097406287318
2024-07-24,-0.0035043524704835294,-0.00359155869312322,0.22554351822499452
2024-07-25,-0.01564473026582147,-0.001029748560296584,0.023281493771090345
2024-07-26,0.010534525866662925,0.0010851384423078425,-0.11213433355830271
2024-07-29,-0.0014050562105476505,0.00022795394253760648,0.012812751655983723
2024-07-30,0.009985461488319247,-0.003159325678096292,0.06566265828551643
2024-07-31,0.018110725786084414,-0.00031368354387706354,-0.07518371303299154
2024-08-01,-0.003442943141866439,0.0007252143928826449,0.13630803539367387
2024-08-02,-0.0019046282784819235,-0.0033549348611565666,0.2582032919667483
2024-08-05,-0.012691935106198704,0.011423649815007764,0.648995327118046
2024-08-06,-0.008000713832612472,0.0036794715598382766,-0.2815660019776688
2024-08-07,-0.0006796279952806517,-0.002261616420014434,0.005052374652567915
2024-08-08,0.015688013635013043,0.00017478447067253988,-0.1457809483063327
2024-08-09,0.0024552612171107047,-0.0011351369276645373,-0.1437578791374391
2024-08-12,0.017144665770273848,-0.00017473410383794796,0.01669112573546916
2024-08-13,-0.001532358906807807,0.002055996775592428,-0.12506027811373066
2024-08-14,-0.008155751250824572,0.005553525057191644,-0.10651215318914042
2024-08-15,0.0031388449312386157,0.0014757817963280129,-0.05929592094835401
2024-08-16,0.02238773852658915,-0.0036758995319072785,-0.028233707447526624
2024-08-19,-0.0016380226467286318,0.004762838560523397,-0.01013517366699046
2024-08-20,0.0036699887797402297,0.005576511052951094,0.08395908040535782
2024-08-21,-0.0013336178629832496,0.0037390286396496997,0.024559215397492062
2024-08-22,-0.011975011209935604,0.0024652959222828397,0.07867232595473528
2024-08-23,0.011553425520716143,-0.00342409723658188,-0.09629627657273676
2024-08-26,0.0031893380775307456,0.006365920264025826,0.018284991685414864
2024-08-27,0.002706671669018279,-0.0020766916139590696,-0.044582001879948985
2024-08-28,-0.007026862307456638,0.0011849710056877072,0.10887882514248881
2024-08-29,0.005177980359189593,-0.004739286454720659,-0.0853302711712346
2024-08-30,-0.0071260085162319076,-0.004000090438690873,-0.041533522963198455
2024-09-03,-0.0043235765879541255,0.0020474717717107183,0.38133328755696616
2024-09-04,0.000607926500195255,-0.0016794385642910914,0.028957548327861904
2024-09-05,0.008332306942507639,0.0028587264145090163,-0.06660413211162819
2024-09-06,-0.007402630408956501,0.0027667685247454443,0.12462309496363155
2024-09-09,0.004205876079289794,-0.002150916950658943,-0.13092039802055044
2024-09-10,0.004404097525005923,-0.0044813102943156435,-0.019023178648836292
2024-09-11,-0.001590555949419148,-0.0014988742242775244,-0.07285112134206173
2024-09-12,0.017567284525531468,-0.0009138923865484871,-0.035048096128643014
2024-09-13,0.009943683944142245,0.006081768854457881,-0.029876991095463934
2024-09-16,-8.374817448153493e-05,0.0009536418367903643,0.03502415111177348
2024-09-17,-0.0055309113549146804,0.003706113070797379,0.027421309068831112
2024-09-18,-0.007710465405288858,-0.0005783979918021487,0.03520720672322497
2024-09-19,0.01554075728197235,-0.0007446361121506984,-0.10422378860340853
2024-09-20,0.012710660066880486,0.004241518250529985,-0.011022676424785383
2024-09-23,0.0019404068737312041,-0.00010049842305048795,-0.01609902670890473
2024-09-24,0.01396907347432852,-0.004400265316868879,-0.031466330345934046
2024-09-25,-0.001381767735031958,0.007151230534546471,0.0012995129072905787
2024-09-26,0.005086884066794806,-0.005376310297212861,-0.002595714617073419
2024-09-27,-0.007935830791900744,0.004146666853728442,0.10344822451218505
2024-09-30,-0.007999374253898295,-0.0006589094951865437,-0.013561294495994303
2024-10-01,0.010491249392624136,-0.0029734512140978664,0.15122538887453651
2024-10-02,0.00020358719772617384,-0.006527790072830886,-0.018691620253031727
2024-10-03,-0.0006920058878576718,-0.001392079970037985,0.08412699389840173
2024-10-04,-0.001996030315693287,-0.0011698119884905323,-0.06246953152482426
2024-10-07,-0.0033877625757333663,-0.005531086014798681,0.17855286145995874
2024-10-08,-0.007371925565205384,0.00010970973519652816,-0.05388689691892423
2024-10-09,-0.005446185963701722,0.0,-0.026143765823892218
2024-10-10,0.007342892553628744,-0.002954669543280719,0.0033556899700895038
2024-10-11,0.010913408354139564,-0.0008638422329961815,-0.022455863060207304
2024-10-14,-0.001629502157067031,-0.0007756225559412133,-0.037145569674535084
2024-10-15,0.003468359323146597,-0.001483708503107417,0.047715664482478326
2024-10-16,0.005001609209081437,-0.002296510595518164,-0.051356564791082526
2024-10-17,0.00598831083503093,-0.0019877858886587774,-0.024004050826652468
2024-10-18,0.010618185005034864,-0.0030323382838881585,-0.05651490786039204
2024-10-21,-0.00019900127714245208,0.003608352223611222,0.018857467534081795
2024-10-22,0.01078732362833379,-0.004673224704925039,-0.009254222565459602
2024-10-23,-0.012050555849465017,-0.0019003483549562272,0.05714280025176999
2024-10-24,0.007693259346016168,-0.0015524310655355977,-0.008316000484173136
2024-10-25,0.0020569789010425055,0.004048280359946421,0.06551362709634656
2024-10-28,3.945407605776552e-05,-0.002548029968427179,-0.026069881388808724
2024-10-29,0.010894858433216914,0.0018712969894509879,-0.023232277888761477
2024-10-30,0.005505891218995584,0.0003570732687898648,0.05222338267389759
2024-10-31,-0.015495166963743978,0.0035618565060204777,0.13808350925148427
2024-11-01,-0.0041023758773532926,0.0024819583506552334,-0.055267732948130144
2024-11-04,0.0014259144001700363,-0.0010655995851049926,0.004570401522182799
2024-11-05,0.002254447895034817,-4.352012235619984e-05,-0.06778888999770039
2024-11-06,-0.030386729020158154,0.005554702899202235,-0.20595409275225196
2024-11-07,0.016076503855530166,-0.01841790161863377,-0.06576525005492273
2024-11-08,-0.006769426092267161,0.005786161482286278,-0.017105278430553206
2024-11-11,-0.02347155656813127,-0.007436133497694897,0.002008078145122605
2024-11-12,-0.008631355179477884,-0.004713679148511618,-0.017368084451840793
2024-11-13,-0.010081225320474285,-0.004469625327243376,-0.04690683742990798
2024-11-14,-0.0026091417886487944,-0.0049545500735181935,0.020684732695029018
2024-11-15,-0.0017720694429753658,-0.003222246420885977,0.1278825238553527
2024-11-18,0.019020246289590537,0.00034766267324415345,-0.03469637466662756
2024-11-19,0.008959325127211537,0.005806019818599184,0.04942236595213734
2024-11-20,0.005632045702723465,0.001198629558994746,0.049541250583724494
2024-11-21,0.008339500390982302,-0.005789868023150069,-0.016899709251596895
2024-11-22,0.012892210445830665,-0.007286603503216971,-0.0966212796103989
2024-11-25,-0.029458856541118794,0.0010059984149974888,-0.041994711237550164
2024-11-26,0.0019383092584315254,-0.0033944345196962322,-0.0342465744476691
2024-11-27,0.002222714763140843,0.004490308188931369,0.0
2024-11-29,0.008624546377060671,5.281913081822687e-05,-0.041843981320970114
2024-12-02,-0.008754403389975018,-0.0016977970845830637,-0.012583277084667777
2024-12-03,0.002012776164397767,-0.004158447181446645,-0.002998497855734139
2024-12-04,0.003033679807253664,0.0009143989742383951,0.01127816664504766
2024-12-05,-0.007397709454119217,0.0003154091131798431,0.006691461253842901
2024-12-06,0.0003705687954560499,0.006795994648919557,-0.056868501200791455
2024-12-09,0.009919751769426055,-0.0019018358549437453,0.1111980479026784
2024-12-10,0.01316431251835759,-0.0009710081955754957,-0.0007046705780979767
2024-12-11,0.009533812345188464,-0.002106648858464677,-0.04231314305760081
2024-12-12,-0.014663722649505995,-0.002479601489141614,0.02503683022813319
2024-12-13,-0.012091578404740733,-0.0031212470011464655,-0.00790227414327227
2024-12-16,0.002415209844427002,0.003436723753809101,0.06372187791657047
2024-12-17,-0.0038386247250202787,0.0006941552918395821,0.0803267759620312
2024-12-18,-0.01918507783771317,-0.0021200121370241742,0.7403907396600702
2024-12-19,0.0014210967336203417,-0.013796860409498679,-0.1278059587033482
2024-12-20,0.010434056495473909,0.0014199956440721362,-0.23785801186974165
2024-12-23,-0.004708795377563968,0.006572816929756531,-0.08605663786390261
2024-12-24,0.001992014086009908,-0.002611890288039209,-0.14958284422952606
2024-12-26,0.006751179863859091,-0.00029107357560742564,0.03223539381334706
2024-12-27,-0.0068705038771271765,0.0022721812206090153,0.08282418906603617
2024-12-30,-0.0031896811646235923,0.000594492107253819,0.0909090800379102
2024-12-31,0.006233636577161361,-0.0022269349976842268,-0.002873519434293592
