Date,Returns
2020-01-03,-0.007059870562045378
2020-01-06,0.0035333728907271933
2020-01-07,-0.0028032386528962228
2020-01-08,0.004902451368978156
2020-01-09,0.006655262605488987
2020-01-10,-0.002855178689662563
2020-01-13,0.006976215252569862
2020-01-14,-0.001514532772802224
2020-01-15,0.0018701968845122874
2020-01-16,0.00836655302646827
2020-01-17,0.003862162248501333
2020-01-21,-0.0026519776473655776
2020-01-22,0.0002890760711180551
2020-01-23,0.0011409766124783616
2020-01-24,-0.009042160974207403
2020-01-27,-0.015730711659182384
2020-01-28,0.010053584595046017
2020-01-29,-0.0008668741908683941
2020-01-30,0.003134358792605374
2020-01-31,-0.01770582037552626
2020-02-03,0.007254613892351713
2020-02-04,0.014980414164082134
2020-02-05,0.01125059589785371
2020-02-06,0.003325672876785646
2020-02-07,-0.005400853672730133
2020-02-10,0.007326397804890528
2020-02-11,0.0016884725532351208
2020-02-12,0.006462646466197652
2020-02-13,-0.0016304457368023773
2020-02-14,0.0018435333204338544
2020-02-18,-0.002919942636890105
2020-02-19,0.004705785881164548
2020-02-20,-0.00381551976362815
2020-02-21,-0.01051810302712286
2020-02-24,-0.03351362667122315
2020-02-25,-0.030279995565056117
2020-02-26,-0.0037785406053220116
2020-02-27,-0.04416324258407911
2020-02-28,-0.008238340444361891
2020-03-02,0.046039229006110016
2020-03-03,-0.028107896121075893
2020-03-04,0.04220259077449118
2020-03-05,-0.033922077046888544
2020-03-06,-0.01705385200037013
2020-03-09,-0.07596969747745097
2020-03-10,0.04939630628156144
2020-03-11,-0.048868445131273974
2020-03-12,-0.09511268097833658
2020-03-13,0.09287124972971839
2020-03-16,-0.11984055240393443
2020-03-17,0.05995484974402432
2020-03-18,-0.051830762729157875
2020-03-19,0.0047078080405855705
2020-03-20,-0.04335951230846191
2020-03-23,-0.02929386782180443
2020-03-24,0.09382773976227554
2020-03-25,0.011535011448221999
2020-03-26,0.062414163303876835
2020-03-27,-0.033687352562252526
2020-03-30,0.03351600948370015
2020-03-31,-0.016012721914555605
2020-04-01,-0.04414243033166543
2020-04-02,0.02282934723487151
2020-04-03,-0.015137125124949469
2020-04-06,0.07033131865275055
2020-04-07,-0.0016030527844311804
2020-04-08,0.03405645287963033
2020-04-09,0.014487410153376512
2020-04-13,-0.010104660822607414
2020-04-14,0.030572589146256046
2020-04-15,-0.022030438529415775
2020-04-16,0.005816689462164515
2020-04-17,0.026793594848223412
2020-04-20,-0.01788104803401469
2020-04-21,-0.030674795694063395
2020-04-22,0.022930247703843776
2020-04-23,-0.0005394221197431159
2020-04-24,0.013918057304545428
2020-04-27,0.014714069804799612
2020-04-28,-0.005242380698498916
2020-04-29,0.026583916282167053
2020-04-30,-0.009212446303987654
2020-05-01,-0.028059034078492195
2020-05-04,0.004249827591976452
2020-05-05,0.009040556385797371
2020-05-06,-0.006979410390386298
2020-05-07,0.011504630788313985
2020-05-08,0.016871538638701944
2020-05-11,0.00013307822091168653
2020-05-12,-0.020500317528877154
2020-05-13,-0.01746272460422804
2020-05-14,0.01152482269503552
2020-05-15,0.0039263632504382695
2020-05-18,0.03150119163168075
2020-05-19,-0.010484399194493177
2020-05-20,0.01665110025908012
2020-05-21,-0.007773596407737116
2020-05-22,0.002353711326488428
2020-05-26,0.012289184036080147
2020-05-27,0.014827297215913804
2020-05-28,-0.0021079145460738413
2020-05-29,0.004812335824971425
2020-06-01,0.003751234813537785
2020-06-02,0.008210832780053412
2020-06-03,0.013648979133831007
2020-06-04,-0.0033687022311144066
2020-06-05,0.026211650818398713
2020-06-08,0.012041579421169235
2020-06-09,-0.007799170822611612
2020-06-10,-0.0053130910724373814
2020-06-11,-0.05894405927443824
2020-06-12,0.013060843963234703
2020-06-15,0.008312217041285264
2020-06-16,0.01896239819380252
2020-06-17,-0.0036002995561740248
2020-06-18,0.0005942198825281686
2020-06-19,-0.005649494809462974
2020-06-22,0.006495095537691675
2020-06-23,0.004307419569164139
2020-06-24,-0.025855145939064572
2020-06-25,0.010959447267809841
2020-06-26,-0.024226905044785974
2020-06-29,0.014685678433118632
2020-06-30,0.015409875731554612
2020-07-01,0.005022132820864389
2020-07-02,0.004541250844364075
2020-07-06,0.01588172586745884
2020-07-07,-0.010818532028197159
2020-07-08,0.007827461915415501
2020-07-09,-0.005643606159361103
2020-07-10,0.01046620127324438
2020-07-13,-0.009362541127788226
2020-07-14,0.013406370782667931
2020-07-15,0.009082050740923053
2020-07-16,-0.0034061012455366413
2020-07-17,0.002848612194617406
2020-07-20,0.0084069387471426
2020-07-21,0.0016790373419135474
2020-07-22,0.005747082068739751
2020-07-23,-0.012319859824193036
2020-07-24,-0.006190400054688405
2020-07-27,0.007395138795039502
2020-07-28,-0.006473392152297919
2020-07-29,0.01242838167815008
2020-07-30,-0.003750251937389204
2020-07-31,0.007670504990141325
2020-08-03,0.00718102343932614
2020-08-04,0.0036119303819721615
2020-08-05,0.006429743053199433
2020-08-06,0.00642769555966427
2020-08-07,0.0006330295486443038
2020-08-10,0.002742218294476073
2020-08-11,-0.007969132154236114
2020-08-12,0.013996549490237653
2020-08-13,-0.002047174350497949
2020-08-14,-0.00017188262276812694
2020-08-17,0.0027098425110787527
2020-08-18,0.002303389154016955
2020-08-19,-0.0044043954214108005
2020-08-20,0.0031586327691348615
2020-08-21,0.0034411070444764214
2020-08-24,0.010043718303008653
2020-08-25,0.0035963511532906
2020-08-26,0.010195626139483993
2020-08-27,0.0016730440109038458
2020-08-28,0.00673256535528588
2020-08-31,-0.0021949627140287475
2020-09-01,0.007525003016613407
2020-09-02,0.015365910154807594
2020-09-03,-0.03512584371534122
2020-09-04,-0.008133027264274895
2020-09-08,-0.027756342102360998
2020-09-09,0.02014498633677464
2020-09-10,-0.01758479659017942
2020-09-11,0.0005330721905940639
2020-09-14,0.012741829089357504
2020-09-15,0.005219359577689042
2020-09-16,-0.004618946596211537
2020-09-17,-0.008412365876402483
2020-09-18,-0.011182581807410497
2020-09-21,-0.011571097930805796
2020-09-22,0.010517945160813724
2020-09-23,-0.023721455093028143
2020-09-24,0.0029874591429570607
2020-09-25,0.0159767237756141
2020-09-28,0.016110590199083896
2020-09-29,-0.0048126645432444715
2020-09-30,0.008253718228220741
2020-10-01,0.005292907769290922
2020-10-02,-0.009577652178616392
2020-10-05,0.01797270867614209
2020-10-06,-0.013973515692226712
2020-10-07,0.01739675486921799
2020-10-08,0.008010123642494982
2020-10-09,0.00879353312061526
2020-10-12,0.01641581296364758
2020-10-13,-0.006306918994084421
2020-10-14,-0.006623141753502759
2020-10-15,-0.0015277553060997207
2020-10-16,0.00013491955745537076
2020-10-19,-0.016329861778318078
2020-10-20,0.004727334073110212
2020-10-21,-0.0021956999281005363
2020-10-22,0.005218925396392127
2020-10-23,0.003445761353703114
2020-10-26,-0.018589516294535646
2020-10-27,-0.0030256189119989285
2020-10-28,-0.035287878760604796
2020-10-29,0.011947330894238384
2020-10-30,-0.012129550130175693
2020-11-02,0.01231820260127181
2020-11-03,0.01779929009643455
2020-11-04,0.02204704770168342
2020-11-05,0.01946019413896294
2020-11-06,-0.00028771518741854685
2020-11-09,0.01169988923568721
2020-11-10,-0.0013997945931910616
2020-11-11,0.007651855318760337
2020-11-12,-0.009978532303877019
2020-11-13,0.013610335409063534
2020-11-16,0.011648051240012336
2020-11-17,-0.004791925698091615
2020-11-18,-0.011563829610944043
2020-11-19,0.003946442467421596
2020-11-20,-0.006792562915180156
2020-11-23,0.005635930617216234
2020-11-24,0.016161668273416252
2020-11-25,-0.001584418237524976
2020-11-27,0.002396979198154181
2020-11-30,-0.004595548640170977
2020-12-01,0.011271187194776155
2020-12-02,0.0017911667548251575
2020-12-03,-0.000624157213091503
2020-12-04,0.008836275129611826
2020-12-07,-0.0019356376714373402
2020-12-08,0.002787148065356293
2020-12-09,-0.007949201604598555
2020-12-10,-0.0012851080682624305
2020-12-11,-0.0012649972997506032
2020-12-14,-0.004359258971957769
2020-12-15,0.012921249154708825
2020-12-16,0.0017727951669590514
2020-12-17,0.005757654753379748
2020-12-18,-0.0035111185091528663
2020-12-21,-0.0039062790518439305
2020-12-22,-0.002073092860288006
2020-12-23,0.000745811250824957
2020-12-24,0.0035365890047962534
2020-12-28,0.008722529021144565
2020-12-29,-0.00222738052560012
2020-12-30,0.0013415471654707467
2020-12-31,0.006438845522919845
2021-01-04,-0.014754827521051062
2021-01-05,0.007082595157549276
2021-01-06,0.005709842747752214
2021-01-07,0.014847403800101189
2021-01-08,0.005491862685268911
2021-01-11,-0.006554750898592476
2021-01-12,0.0004157884466327033
2021-01-13,0.0022756417379066196
2021-01-14,-0.0037534511943366766
2021-01-15,-0.007190027975370938
2021-01-19,0.008136379515524483
2021-01-20,0.013935625421946263
2021-01-21,0.0003167233075522802
2021-01-22,-0.0030106116552376383
2021-01-25,0.0036158389430824833
2021-01-26,-0.0014888337468982327
2021-01-27,-0.025677883699462
2021-01-28,0.009760625975629766
2021-01-29,-0.019311475173124593
2021-02-01,0.016051767614439383
2021-02-02,0.013898223484416938
2021-02-03,0.0010087690809532646
2021-02-04,0.010853322230420792
2021-02-05,0.003897495164625342
2021-02-08,0.007399348360373592
2021-02-09,-0.0011135249921484514
2021-02-10,-0.00034518493235935477
2021-02-11,0.0016624551635393559
2021-02-12,0.0047110331133788375
2021-02-16,-0.0005692724183511411
2021-02-17,-0.0003204020092266724
2021-02-18,-0.004415835627354592
2021-02-19,-0.0018548966445751658
2021-02-22,-0.0077328394581538396
2021-02-23,0.0012563181187927874
2021-02-24,0.01135161376597904
2021-02-25,-0.02447880752512621
2021-02-26,-0.004750214169902844
2021-03-01,0.023790763506800205
2021-03-02,-0.008080851690870694
2021-03-03,-0.01306622187199813
2021-03-04,-0.013417213930100202
2021-03-05,0.01949596819778221
2021-03-08,-0.005359231030161227
2021-03-09,0.01415464230382213
2021-03-10,0.006030313342701321
2021-03-11,0.010395487004435822
2021-03-12,0.0010153984958789497
2021-03-15,0.006491921301497117
2021-03-16,-0.0015696837343783798
2021-03-17,0.00287938213053085
2021-03-18,-0.014760539319459198
2021-03-19,-0.0006027039747036333
2021-03-22,0.007025118077311765
2021-03-23,-0.007630854183940605
2021-03-24,-0.00546733601831495
2021-03-25,0.005240265846959469
2021-03-26,0.016631202604519668
2021-03-29,-0.0008680126852336212
2021-03-30,-0.0031578329337678124
2021-03-31,0.0036224990395776757
2021-04-01,0.011825201774944727
2021-04-05,0.014438226417743616
2021-04-06,-0.0009735307519511682
2021-04-07,0.001475232784985625
2021-04-08,0.0042206328286402695
2021-04-09,0.007719934348738189
2021-04-12,-0.00019607884876882142
2021-04-13,0.0032944868090414303
2021-04-14,-0.004087726727828533
2021-04-15,0.01109419052516647
2021-04-16,0.0036088195555097347
2021-04-19,-0.005306560094486046
2021-04-20,-0.006802319771775922
2021-04-21,0.009306055472153574
2021-04-22,-0.009210657476561801
2021-04-23,0.010928696540176919
2021-04-26,0.001782270924804541
2021-04-27,-0.00021489588801437698
2021-04-28,-0.0008455399168898481
2021-04-29,0.006762806734045723
2021-04-30,-0.007194706699326425
2021-05-03,0.002748090747253684
2021-05-04,-0.006678337608227225
2021-05-05,0.0007034637617677753
2021-05-06,0.008165456466051824
2021-05-07,0.007373341616968343
2021-05-10,-0.010435647322188157
2021-05-11,-0.00867391280271812
2021-05-12,-0.021449400664502738
2021-05-13,0.012173141406923493
2021-05-14,0.014917956876899785
2021-05-17,-0.0025300521932207776
2021-05-18,-0.008517292959364653
2021-05-19,-0.002943411456817757
2021-05-20,0.010554741756143349
2021-05-21,-0.0007838806801412357
2021-05-24,0.009911292190138532
2021-05-25,-0.0021252837802967495
2021-05-26,0.0018768165702687245
2021-05-27,0.0011653145418315525
2021-05-28,0.0007688818911402162
2021-06-01,-0.0004923335226864056
2021-06-02,0.0014469348384307246
2021-06-03,-0.0036287033416374515
2021-06-04,0.008834095710505974
2021-06-07,-0.0007967387044511831
2021-06-08,0.00017502486450582388
2021-06-09,-0.0018238673194856947
2021-06-10,0.004652243012262192
2021-06-11,0.0019484346695590737
2021-06-14,0.0018152018730952513
2021-06-15,-0.0020116937805257917
2021-06-16,-0.005390124612855707
2021-06-17,-0.00043571559205179966
2021-06-18,-0.013124468779900589
2021-06-21,0.014002289962720793
2021-06-22,0.005124491902218642
2021-06-23,-0.0010832833431588806
2021-06-24,0.005811249724885448
2021-06-25,0.0033305973193167304
2021-06-28,0.0023149642620619026
2021-06-29,0.00027733619326086867
2021-06-30,0.0013281596467464851
2021-07-01,0.0052216268542757405
2021-07-02,0.007500081663913916
2021-07-06,-0.0020218560598241897
2021-07-07,0.003358975310182588
2021-07-08,-0.008561024934316985
2021-07-09,0.011277947808795874
2021-07-12,0.0034511743312370946
2021-07-13,-0.0035168126585656267
2021-07-14,0.0011649345752446916
2021-07-15,-0.0032622408541723713
2021-07-16,-0.007538854211077806
2021-07-19,-0.015869512427409305
2021-07-20,0.015162609437855634
2021-07-21,0.008241819990835397
2021-07-22,0.0020166699583279435
2021-07-23,0.010145452020822843
2021-07-26,0.0023821998626283314
2021-07-27,-0.0047124448070912095
2021-07-28,-0.0001862618826539153
2021-07-29,0.004206152980007483
2021-07-30,-0.0054060480514769305
2021-08-02,-0.001842805614891363
2021-08-03,0.0082034265474622
2021-08-04,-0.004632387901412294
2021-08-05,0.006005446813494242
2021-08-06,0.001675266241764728
2021-08-09,-0.0009399082741974318
2021-08-10,0.0009926793341701323
2021-08-11,0.0012757437876824707
2021-08-12,0.004146380281677686
2021-08-13,0.001607306655808216
2021-08-16,0.002620850702215849
2021-08-17,-0.00706069881494753
2021-08-18,-0.010748470745585936
2021-08-19,0.0012566922329095842
2021-08-20,0.008141567655737925
2021-08-23,0.00852379036424833
2021-08-24,0.0014957363013194946
2021-08-25,0.002220118224179668
2021-08-26,-0.005824918819612557
2021-08-27,0.008807632480425154
2021-08-30,0.004306570844779589
2021-08-31,-0.0013491160395050494
2021-09-01,0.0003116886257619189
2021-09-02,0.002842638410522902
2021-09-03,-0.0003350311257153127
2021-09-07,-0.003395574405981705
2021-09-08,-0.001318566739775151
2021-09-09,-0.004605608657393345
2021-09-10,-0.007722578759925436
2021-09-13,0.0022764876184568905
2021-09-14,-0.00574663850657553
2021-09-15,0.008473996979569742
2021-09-16,-0.0015511404489350067
2021-09-17,-0.009110872450405094
2021-09-20,-0.01697731100841482
2021-09-21,-0.0008123585165593639
2021-09-22,0.009519611195260236
2021-09-23,0.012134715784494876
2021-09-24,0.001461009046688222
2021-09-27,-0.0027763826213396126
2021-09-28,-0.020364110556098214
2021-09-29,0.0015691842194003325
2021-09-30,-0.011909714125195148
2021-10-01,0.01149147763018199
2021-10-04,-0.012985898136748442
2021-10-05,0.010524514660609219
2021-10-06,0.004102792854185466
2021-10-07,0.008298280656405366
2021-10-08,-0.0019137230947889883
2021-10-11,-0.006865763848056816
2021-10-12,-0.0024167805585421087
2021-10-13,0.00302251448379387
2021-10-14,0.01706310194558336
2021-10-15,0.007460210377712606
2021-10-18,0.00337476955709759
2021-10-19,0.007393339551406308
2021-10-20,0.0036640298040166996
2021-10-21,0.002995871849622578
2021-10-22,-0.0010725536274130976
2021-10-25,0.004748196569493546
2021-10-26,0.0018197952535197182
2021-10-27,-0.005051568068462853
2021-10-28,0.009829281576461124
2021-10-29,0.001949334719149265
2021-11-01,0.0018000771431341267
2021-11-02,0.0036803630854131963
2021-11-03,0.006461279195357994
2021-11-04,0.004181942361150437
2021-11-05,0.003732799652949259
2021-11-08,0.0008877879113036169
2021-11-09,-0.003498775895770745
2021-11-10,-0.008225823395229703
2021-11-11,0.0005509400447352153
2021-11-12,0.007222656026415475
2021-11-15,-1.0739820344718431e-05
2021-11-16,0.003865229864862485
2021-11-17,-0.002601625374463401
2021-11-18,0.0033847802152713324
2021-11-19,-0.001398665559303236
2021-11-22,-0.0031971365563219223
2021-11-23,0.001657132912945114
2021-11-24,0.0022938506357221833
2021-11-26,-0.022724822637582465
2021-11-29,0.013200199537034996
2021-11-30,-0.01896131033450521
2021-12-01,-0.011815187417889228
2021-12-02,0.01419443613158311
2021-12-03,-0.008448563730297565
2021-12-06,0.011730872577451423
2021-12-07,0.020707080374404274
2021-12-08,0.0030852853123166657
2021-12-09,-0.007181080169894716
2021-12-10,0.009549073338481762
2021-12-13,-0.009136167611567658
2021-12-14,-0.0074706775774360246
2021-12-15,0.016348464630746795
2021-12-16,-0.008743415379980468
2021-12-17,-0.010287680637092622
2021-12-20,-0.01138805785140995
2021-12-21,0.017777934551572505
2021-12-22,0.010180197220578835
2021-12-23,0.006223699921661829
2021-12-27,0.01383893524747526
2021-12-28,-0.0010101548486260992
2021-12-29,0.0014018951394270118
2021-12-30,-0.0029897555945093135
2021-12-31,-0.0026261799136575448
2022-01-03,0.006374052530970564
2022-01-04,-0.000629621957060511
2022-01-05,-0.019392757790687165
2022-01-06,-0.0009637690162076495
2022-01-07,-0.004050216740091761
2022-01-10,-0.0014410312534549607
2022-01-11,0.009159984668711818
2022-01-12,0.002817754443029452
2022-01-13,-0.0142436152864307
2022-01-14,0.0008199802697488323
2022-01-18,-0.018387945694007368
2022-01-19,-0.009689541868338813
2022-01-20,-0.01103737849414832
2022-01-21,-0.018914821867908604
2022-01-24,0.002771738943381896
2022-01-25,-0.012171906253646725
2022-01-26,-0.0014966358477518371
2022-01-27,-0.00538408875771057
2022-01-28,0.024347646888076113
2022-01-31,0.018885951732779516
2022-02-01,0.00686300355780145
2022-02-02,0.00942251544733641
2022-02-03,-0.024391082077444004
2022-02-04,0.0051569298644233985
2022-02-07,-0.0037017126347429485
2022-02-08,0.008401207191663262
2022-02-09,0.014517207887505545
2022-02-10,-0.01811572566845976
2022-02-11,-0.01896945434456343
2022-02-14,-0.0038405967262932217
2022-02-15,0.01576672117072042
2022-02-16,0.0008812077558950637
2022-02-17,-0.021173138152195015
2022-02-18,-0.0071661613961429005
2022-02-22,-0.010142945264832837
2022-02-23,-0.018412122845487655
2022-02-24,0.014956856067329216
2022-02-25,0.022372677655603468
2022-02-28,-0.002442603440647617
2022-03-01,-0.015473503680411893
2022-03-02,0.018642691757321028
2022-03-03,-0.005254666430088317
2022-03-04,-0.007934042550334475
2022-03-07,-0.029518158313449172
2022-03-08,-0.00723375351819977
2022-03-09,0.02569824789143582
2022-03-10,-0.004291813651667864
2022-03-11,-0.012961545123475138
2022-03-14,-0.007421002465963666
2022-03-15,0.021408574170870942
2022-03-16,0.02238376135718223
2022-03-17,0.01234781757145198
2022-03-18,0.011662294827948783
2022-03-21,-0.00043466036210393355
2022-03-22,0.0113041136006502
2022-03-23,-0.012272698789159042
2022-03-24,0.01434391292056647
2022-03-25,0.005066170567449069
2022-03-28,0.007144955276586762
2022-03-29,0.012256547427530462
2022-03-30,-0.0062937001746978805
2022-03-31,-0.015652540713177343
2022-04-01,0.0034102225843584133
2022-04-04,0.008090938687879357
2022-04-05,-0.012551720801807331
2022-04-06,-0.009716916613271898
2022-04-07,0.004253385628492534
2022-04-08,-0.002651026482054286
2022-04-11,-0.01687729010355421
2022-04-12,-0.003417447717741773
2022-04-13,0.011174577597236057
2022-04-14,-0.01214413784439794
2022-04-18,-0.0002048682840329885
2022-04-19,0.016057604355527166
2022-04-20,-0.0006184750715809706
2022-04-21,-0.014752948498371943
2022-04-22,-0.027740054250753654
2022-04-25,0.005697936985382235
2022-04-26,-0.028146308431003852
2022-04-27,0.0020980468517017847
2022-04-28,0.02474690007293945
2022-04-29,-0.036284507106413955
2022-05-02,0.005675242812353654
2022-05-03,0.004837126381486367
2022-05-04,0.02986242108440229
2022-05-05,-0.035649708609806985
2022-05-06,-0.0056742248424840325
2022-05-09,-0.03203710063235676
2022-05-10,0.0024578974498534745
2022-05-11,-0.01646320750393837
2022-05-12,-0.0012959645058717717
2022-05-13,0.02386969542307149
2022-05-16,-0.003946400929555671
2022-05-17,0.020169632234863677
2022-05-18,-0.04039526078745259
2022-05-19,-0.005833781800992588
2022-05-20,0.00014614176965843662
2022-05-23,0.018555039930923556
2022-05-24,-0.008120797617175213
2022-05-25,0.009450764734207695
2022-05-26,0.019883256167224195
2022-05-27,0.02474226295510973
2022-05-31,-0.006274368617659065
2022-06-01,-0.007482768681131846
2022-06-02,0.018431018038486124
2022-06-03,-0.016347313992415624
2022-06-06,0.003137400778913113
2022-06-07,0.009523393173235029
2022-06-08,-0.010793945785935621
2022-06-09,-0.02379869397635359
2022-06-10,-0.029110303335524668
2022-06-13,-0.038768430665237275
2022-06-14,-0.0037736797459957394
2022-06-15,0.014592504858983224
2022-06-16,-0.03251195148816344
2022-06-17,0.002200865698254617
2022-06-21,0.024477242280086964
2022-06-22,-0.0013015723144006452
2022-06-23,0.009532217409177868
2022-06-24,0.03056329358583576
2022-06-27,-0.0029730715337762392
2022-06-28,-0.020143036075892073
2022-06-29,-0.0007117454091590814
2022-06-30,-0.008759278267998716
2022-07-01,0.010553814029047315
2022-07-05,0.0015841285142366157
2022-07-06,0.0035731642904301975
2022-07-07,0.014964587965241805
2022-07-08,-0.000830271529819071
2022-07-11,-0.011527461422777274
2022-07-12,-0.009243878717321574
2022-07-13,-0.0044569025122100925
2022-07-14,-0.00299863390215227
2022-07-15,0.01920124935943668
2022-07-18,-0.008363571580831342
2022-07-19,0.02762829164595959
2022-07-20,0.005895806193263242
2022-07-21,0.00986137270919718
2022-07-22,-0.00933246697634671
2022-07-25,0.0013151670479691902
2022-07-26,-0.01154320266205866
2022-07-27,0.026156273782937722
2022-07-28,0.012133338697180918
2022-07-29,0.014207760082581844
2022-08-01,-0.0028230841271976725
2022-08-02,-0.006662395550704803
2022-08-03,0.015638477163140152
2022-08-04,-0.0007773401640558397
2022-08-05,-0.0016257460597355333
2022-08-08,-0.0012375507238541195
2022-08-09,-0.004248692893594086
2022-08-10,0.021290637641290244
2022-08-11,-0.0007054739583503
2022-08-12,0.017322368774566943
2022-08-15,0.0039695418998517695
2022-08-16,0.0018756797165810912
2022-08-17,-0.007237794954094601
2022-08-18,0.002269561170191503
2022-08-19,-0.012900001139847905
2022-08-22,-0.0214000649197158
2022-08-23,-0.0022378626777133093
2022-08-24,0.0029161604463010526
2022-08-25,0.014091605518061545
2022-08-26,-0.03368805871951874
2022-08-29,-0.006666355799502699
2022-08-30,-0.011028155571448206
2022-08-31,-0.007817025105971265
2022-09-01,0.0029962320243361873
2022-09-02,-0.010736500458081055
2022-09-06,-0.004095056983834944
2022-09-07,0.018341016392734
2022-09-08,0.006610721877456038
2022-09-09,0.015271449816332883
2022-09-12,0.0105842727693497
2022-09-13,-0.0432366134006168
2022-09-14,0.0033870120853238816
2022-09-15,-0.011317739184353415
2022-09-16,-0.007182134089448455
2022-09-19,0.006857100716286535
2022-09-20,-0.011272103097361819
2022-09-21,-0.017116493600784488
2022-09-22,-0.00842758097968943
2022-09-23,-0.017232619015461026
2022-09-26,-0.010340526208282075
2022-09-27,-0.0021203598092424114
2022-09-28,0.019672139926234733
2022-09-29,-0.021126437880238824
2022-09-30,-0.015066695771983274
2022-10-03,0.025883894952576147
2022-10-04,0.030583700679551518
2022-10-05,-0.002017948757084831
2022-10-06,-0.010245080846639998
2022-10-07,-0.028003617786773516
2022-10-10,-0.00749246363390188
2022-10-11,-0.006519175777754405
2022-10-12,-0.0032907731480149582
2022-10-13,0.02596564246086497
2022-10-14,-0.02366266361565439
2022-10-17,0.026480052302171098
2022-10-18,0.011427569666488724
2022-10-19,-0.0066720972934503076
2022-10-20,-0.007950909706564868
2022-10-21,0.02372481982226482
2022-10-24,0.011881976654619875
2022-10-25,0.016266654579669915
2022-10-26,-0.007387716072364547
2022-10-27,-0.006082610618211248
2022-10-28,0.024626377895927698
2022-10-31,-0.00745440410765752
2022-11-01,-0.004101230608784645
2022-11-02,-0.02500198485734284
2022-11-03,-0.010585992315429671
2022-11-04,0.013618724670070526
2022-11-07,0.009613981920559844
2022-11-08,0.005597892802462701
2022-11-09,-0.02077788695478977
2022-11-10,0.05543448436034493
2022-11-11,0.009240746788147902
2022-11-14,-0.008935777048800997
2022-11-15,0.008713116550319144
2022-11-16,-0.008252046497990273
2022-11-17,-0.0030893228355314273
2022-11-18,0.00475858190881473
2022-11-21,-0.003883688698329779
2022-11-22,0.013579987927526016
2022-11-23,0.0059146891478476515
2022-11-25,-0.0002830441976333642
2022-11-28,-0.015444192913123267
2022-11-29,-0.0015918653377758885
2022-11-30,0.030947872397389053
2022-12-01,-0.0008676332180498347
2022-12-02,-0.001194660488065602
2022-12-05,-0.017894212283564803
2022-12-06,-0.014399194981406072
2022-12-07,-0.0018623708845491027
2022-12-08,0.00752178195750397
2022-12-09,-0.007349578247904498
2022-12-12,0.014279296218109305
2022-12-13,0.0072896644387934195
2022-12-14,-0.006052724634100337
2022-12-15,-0.024921675023714007
2022-12-16,-0.011137750774080746
2022-12-19,-0.009007516001852345
2022-12-20,0.0010373383615349674
2022-12-21,0.014867993802734736
2022-12-22,-0.01445169956861636
2022-12-23,0.005868102525282026
2022-12-27,-0.004049622110409712
2022-12-28,-0.012020638322615351
2022-12-29,0.01746133164481911
2022-12-30,-0.0025407424823445934
2023-01-03,-0.004000548879248611
2023-01-04,0.007538970575044379
2023-01-05,-0.011645528874622113
2023-01-06,0.02284078102943865
2023-01-09,-0.0007676325452631305
2023-01-10,0.006978233159061986
2023-01-11,0.012849424614881588
2023-01-12,0.0034159058663651987
2023-01-13,0.003996858363534361
2023-01-17,-0.0020304911890052235
2023-01-18,-0.015562598500411085
2023-01-19,-0.007638350296294338
2023-01-20,0.018918401045981525
2023-01-23,0.01188134498366522
2023-01-24,-0.0007115031258156934
2023-01-25,-0.0001817250594663422
2023-01-26,0.011007853469181317
2023-01-27,0.002494840970949097
2023-01-30,-0.012968740984683369
2023-01-31,0.014642470285510134
2023-02-01,0.010452303944590291
2023-02-02,0.014699373244309921
2023-02-03,-0.010354610691310495
2023-02-06,-0.006140463017754394
2023-02-07,0.01287251059802652
2023-02-08,-0.011080724476164705
2023-02-09,-0.00882979617773516
2023-02-10,0.0021952617756952897
2023-02-13,0.011448609342766147
2023-02-14,-0.0002804145319874607
2023-02-15,0.002773175690496066
2023-02-16,-0.013788741489130674
2023-02-17,-0.002767405825327751
2023-02-21,-0.020041234255327334
2023-02-22,-0.0015735561458868341
2023-02-23,0.005329429416074394
2023-02-24,-0.010537551485558128
2023-02-27,0.0030730045671669703
2023-02-28,-0.0030360018281855305
2023-03-01,-0.004725264845680033
2023-03-02,0.0075821940867943916
2023-03-03,0.0161477371607488
2023-03-06,0.0006871667698291617
2023-03-07,-0.015326919115337678
2023-03-08,0.0014147940136839399
2023-03-09,-0.01845935787384867
2023-03-10,-0.01447813845705137
2023-03-13,-0.001509761003189447
2023-03-14,0.016476655480623936
2023-03-15,-0.00698088356543769
2023-03-16,0.017562006217166637
2023-03-17,-0.011019457310067593
2023-03-20,0.008918403718310097
2023-03-21,0.012982193897784988
2023-03-22,-0.01646322377571363
2023-03-23,0.0029845287333754023
2023-03-24,0.005639807253104534
2023-03-27,0.0016469543057482383
2023-03-28,-0.0015738434957162095
2023-03-29,0.014237268879836451
2023-03-30,0.005715269388667954
2023-03-31,0.014436542471763847
2023-04-03,0.0036988464765423945
2023-04-04,-0.005796972083329965
2023-04-05,-0.002492370531228194
2023-04-06,0.0035791630944272956
2023-04-10,0.0009963029974375814
2023-04-11,-4.1352477946232646e-05
2023-04-12,-0.004134884052006904
2023-04-13,0.01326268999363811
2023-04-14,-0.0020693734728036706
2023-04-17,0.00330615690296554
2023-04-18,0.0008552202959737354
2023-04-19,-8.42619976980652e-05
2023-04-20,-0.00595254815297297
2023-04-21,0.0009031888869577287
2023-04-24,0.0008515791660903549
2023-04-25,-0.015810858882773227
2023-04-26,-0.003841187197329843
2023-04-27,0.01956614972249704
2023-04-28,0.008253202753460531
2023-05-01,-0.0003861064902076494
2023-05-02,-0.011586262936400304
2023-05-03,-0.006998305064656485
2023-05-04,-0.007218732334382416
2023-05-05,0.018474751389515376
2023-05-08,0.0004521286642489297
2023-05-09,-0.004579421277258522
2023-05-10,0.004483965263404999
2023-05-11,-0.0016966239932159066
2023-05-12,-0.0015833068345566526
2023-05-15,0.0029581644391338813
2023-05-16,-0.006377683373153031
2023-05-17,0.011890829058788244
2023-05-18,0.009445048649426635
2023-05-19,-0.0014458676054706077
2023-05-22,0.0001550346964389604
2023-05-23,-0.011222026747550129
2023-05-24,-0.007318600335353365
2023-05-25,0.008757581265902425
2023-05-26,0.01304908677799732
2023-05-30,1.660326849850513e-05
2023-05-31,-0.006108624209833935
2023-06-01,0.009854453563032717
2023-06-02,0.014534424705965554
2023-06-05,-0.0020035816359177394
2023-06-06,0.0023538963079141606
2023-06-07,-0.0038120096998572883
2023-06-08,0.0061886426142414575
2023-06-09,0.001148059539441082
2023-06-12,0.009321148810237156
2023-06-13,0.006932489951473775
2023-06-14,0.0008194255259321714
2023-06-15,0.01217813742034668
2023-06-16,-0.0036716195284263176
2023-06-20,-0.0047351076976228645
2023-06-21,-0.005245281583003636
2023-06-22,0.003710798414438443
2023-06-23,-0.007658808766684566
2023-06-26,-0.004486838293256468
2023-06-27,0.011455854954693034
2023-06-28,-0.00035407668843834283
2023-06-29,0.004473544672805918
2023-06-30,0.012269004495714109
2023-07-03,0.0011706778016009611
2023-07-05,-0.0019683184132291975
2023-07-06,-0.007922511336500904
2023-07-07,-0.0028651005386203243
2023-07-10,0.002405026057131332
2023-07-11,0.0067422110558885695
2023-07-12,0.007411233485312474
2023-07-13,0.008470153458069118
2023-07-14,-0.0010244071333035398
2023-07-17,0.0038553825145495324
2023-07-18,0.007117275205842377
2023-07-19,0.002357910335732072
2023-07-20,-0.006756896218903741
2023-07-21,0.0003240945218980773
2023-07-24,0.004034153877153557
2023-07-25,0.002814673351556163
2023-07-26,-0.00015543889679858758
2023-07-27,-0.006424666064487883
2023-07-28,0.009877842794752345
2023-07-31,0.0014687129405193122
2023-08-01,-0.002665087639215691
2023-08-02,-0.013839541336347905
2023-08-03,-0.0025479738404268204
2023-08-04,-0.005300074155050516
2023-08-07,0.00902409277936278
2023-08-08,-0.004218283044793103
2023-08-09,-0.007038730380597102
2023-08-10,0.00025071394456976925
2023-08-11,-0.0010696923700230787
2023-08-14,0.005750475751703066
2023-08-15,-0.011550909428841738
2023-08-16,-0.007555395210577687
2023-08-17,-0.007712913029036983
2023-08-18,-0.00014870682600087726
2023-08-21,0.006879188518795987
2023-08-22,-0.002777466728829614
2023-08-23,0.011044879965972587
2023-08-24,-0.013457974663146133
2023-08-25,0.006717966037625089
2023-08-28,0.006264619755036449
2023-08-29,0.01450830719454621
2023-08-30,0.003833182103508026
2023-08-31,-0.0015969365120942491
2023-09-01,0.0017991292600010311
2023-09-05,-0.004194177587506065
2023-09-06,-0.006971599351452862
2023-09-07,-0.0032112659361860363
2023-09-08,0.0014266227216406246
2023-09-11,0.006723453106275201
2023-09-12,-0.005695885604828921
2023-09-13,0.0012416323054647016
2023-09-14,0.00842991886716793
2023-09-15,-0.012159612938677844
2023-09-18,0.0007212876971294246
2023-09-19,-0.002151010615372817
2023-09-20,-0.0093947947580596
2023-09-21,-0.01640093410321941
2023-09-22,-0.002295598477193961
2023-09-25,0.0040230650909416354
2023-09-26,-0.014734533990868215
2023-09-27,0.00022931406074522265
2023-09-28,0.005893173970516585
2023-09-29,-0.002709582086142026
2023-10-02,7.936755559079245e-05
2023-10-03,-0.013744071674259506
2023-10-04,0.008109754957160709
2023-10-05,-0.001304030159777203
2023-10-06,0.011814893014644445
2023-10-09,0.00630385429964031
2023-10-10,0.005207990781392224
2023-10-11,0.00429300817103373
2023-10-12,-0.00624643434611849
2023-10-13,-0.005018858888767519
2023-10-16,0.01059436938392988
2023-10-17,-9.824505308242415e-05
2023-10-18,-0.013399820506516447
2023-10-19,-0.008482848196321058
2023-10-20,-0.012585283719027562
2023-10-23,-0.0016855698941634634
2023-10-24,0.007265792222727274
2023-10-25,-0.014339628627712542
2023-10-26,-0.011832519778109618
2023-10-27,-0.004800280229768528
2023-10-30,0.012010022325859904
2023-10-31,0.006474957307233353
2023-11-01,0.010505999486313922
2023-11-02,0.01885855702012762
2023-11-03,0.009393730253031363
2023-11-06,0.0017529924220356374
2023-11-07,0.0028401189192852616
2023-11-08,0.0010049156221052513
2023-11-09,-0.008083839306732843
2023-11-10,0.015616441094852496
2023-11-13,-0.0008358389332403515
2023-11-14,0.019075017703661823
2023-11-15,0.0015970120755575135
2023-11-16,0.0011904273935798848
2023-11-17,0.0012820490603360213
2023-11-20,0.007390278097329839
2023-11-21,-0.0020209310950652926
2023-11-22,0.00406112922094648
2023-11-24,0.0005968736678840791
2023-11-27,-0.001954157460090089
2023-11-28,0.0009801185306033133
2023-11-29,-0.0009462486392383118
2023-11-30,0.0037840728581564065
2023-12-01,0.005873742123607695
2023-12-04,-0.005408509126972105
2023-12-05,-0.0005688697261614362
2023-12-06,-0.003906202808869552
2023-12-07,0.007968189065892917
2023-12-08,0.00409549786994079
2023-12-11,0.003924494286698943
2023-12-12,0.00459935752021523
2023-12-13,0.013650676351045998
2023-12-14,0.0026470624846992585
2023-12-15,-7.62494933082003e-05
2023-12-18,0.004528344366900416
2023-12-19,0.005866407818910568
2023-12-20,-0.014684266911006771
2023-12-21,0.010301467821202559
2023-12-22,0.0016600585268868873
2023-12-26,0.0042316894655107795
2023-12-27,0.0014304577464787638
2023-12-28,0.0003701746080437829
2023-12-29,-0.0028264750133749628
2024-01-02,-0.005660579005492328
2024-01-03,-0.008016314922730805
2024-01-04,-0.0034283812973570083
2024-01-05,0.0018256861788026324
2024-01-08,0.014114629309846638
2024-01-09,-0.0014779006799081618
2024-01-10,0.00566597189372442
2024-01-11,-0.0006710555783868699
2024-01-12,0.0007509755941104146
2024-01-16,-0.0037313402367431525
2024-01-17,-0.005616897183990499
2024-01-18,0.008805260963896
2024-01-19,0.012313502764936146
2024-01-22,0.0021943252026270788
2024-01-23,0.002921374261968035
2024-01-24,0.0008119284117831249
2024-01-25,0.005260365527706368
2024-01-26,-0.0006517852510764532
2024-01-29,0.007556774896180896
2024-01-30,-0.0006006499345398986
2024-01-31,-0.016105744611597972
2024-02-01,0.012493688211609788
2024-02-02,0.01068444607751462
2024-02-05,-0.0031863375266721894
2024-02-06,0.0023104108269635937
2024-02-07,0.008241457963390042
2024-02-08,0.0005705832608251526
2024-02-09,0.0057423415255595245
2024-02-12,-0.0009489536011326738
2024-02-13,-0.013674255653625456
2024-02-14,0.009579763275017639
2024-02-15,0.005821250684729495
2024-02-16,-0.0048034698371121065
2024-02-20,-0.006005322001165325
2024-02-21,0.001264199922982101
2024-02-22,0.02112288421741404
2024-02-23,0.0003479475462115911
2024-02-26,-0.003786751350190576
2024-02-27,0.0017063496993998672
2024-02-28,-0.001658155060430544
2024-02-29,0.005229094697149161
2024-03-01,0.00800782894888763
2024-03-04,-0.0011932620709189656
2024-03-05,-0.010193100883444606
2024-03-06,0.005141103203274655
2024-03-07,0.010304127925951478
2024-03-08,-0.0065285190034379825
2024-03-11,-0.001122238087346461
2024-03-12,0.011201787981366396
2024-03-13,-0.0019245297153407392
2024-03-14,-0.0028710915621273925
2024-03-15,-0.006482917484461503
2024-03-18,0.006318059504952345
2024-03-19,0.0056491496501236416
2024-03-20,0.008904173912846591
2024-03-21,0.0032365354015160275
2024-03-22,-0.0014021878490156903
2024-03-25,-0.0030549644525015296
2024-03-26,-0.002799795225030266
2024-03-27,0.008630626525532925
2024-03-28,0.0011164855071790214
2024-04-01,-0.0020135845401164643
2024-04-02,-0.0072390590731691296
2024-04-03,0.001091122364688113
2024-04-04,-0.012334336350379616
2024-04-05,0.011099194174331695
2024-04-08,-0.00037463099831791524
2024-04-09,0.0014454931932483817
2024-04-10,-0.009456980649108493
2024-04-11,0.007444797710585593
2024-04-12,-0.01455068829580164
2024-04-15,-0.01202135494776202
2024-04-16,-0.0020565070133361507
2024-04-17,-0.005780602724641426
2024-04-18,-0.002208160119998248
2024-04-19,-0.00875854812743615
2024-04-22,0.008731248071466746
2024-04-23,0.011964576270872662
2024-04-24,0.0002130100613548791
2024-04-25,-0.004576430353515626
2024-04-26,0.01020914263474304
2024-04-29,0.0031784486665891176
2024-04-30,-0.01573051358686217
2024-05-01,-0.0034354388154940185
2024-05-02,0.009128437077573048
2024-05-03,0.012556739721478527
2024-05-06,0.01032612390701182
2024-05-07,0.0013434298232750663
2024-05-08,-5.835618166138978e-06
2024-05-09,0.005090947698625836
2024-05-10,0.001649398844549843
2024-05-13,-0.00024130405535727206
2024-05-14,0.004837813139759728
2024-05-15,0.011715927882596233
2024-05-16,-0.0020816677921287052
2024-05-17,0.0011647735102702228
2024-05-20,0.0009163899374069473
2024-05-21,0.002501874243978186
2024-05-22,-0.002706123039226127
2024-05-23,-0.0073807894850155265
2024-05-24,0.0070010425881694704
2024-05-28,0.0002488018529340774
2024-05-29,-0.007367046509680453
2024-05-30,-0.005975035585443322
2024-05-31,0.00802787620486467
2024-06-03,0.0011160825806737495
2024-06-04,0.0015028090913065117
2024-06-05,0.011847649793331305
2024-06-06,-0.00019981663563317653
2024-06-07,-0.0011152197300303701
2024-06-10,0.0025808546645145203
2024-06-11,0.0027103813151374556
2024-06-12,0.008503672791998707
2024-06-13,0.0023446558536817097
2024-06-14,-0.000393860697500914
2024-06-17,0.007664386564552705
2024-06-18,0.0025213273947457537
2024-06-20,-0.0025259318472709014
2024-06-21,-0.001562130321101196
2024-06-24,-0.003065171894990004
2024-06-25,0.003933590015736899
2024-06-26,0.0015724312002203256
2024-06-27,0.0009073212238914774
2024-06-28,-0.004083652583445674
2024-07-01,0.0026755639309195
2024-07-02,0.006195317856513505
2024-07-03,0.005084444409779065
2024-07-05,0.005448765178485582
2024-07-08,0.0010166989647510949
2024-07-09,0.0007410719362856977
2024-07-10,0.010208065293514812
2024-07-11,-0.008763028841120457
2024-07-12,0.0055170270744306915
2024-07-15,0.0028262026252154904
2024-07-16,0.006389375498743188
2024-07-17,-0.013927543241993745
2024-07-18,-0.007816403936922511
2024-07-19,-0.007140265531926926
2024-07-22,0.01079203564940956
2024-07-23,-0.001558102589770738
2024-07-24,-0.02314909375473495
2024-07-25,-0.005142620237842288
2024-07-26,0.011090468702846357
2024-07-29,0.0008133101292933098
2024-07-30,-0.004960171878030217
2024-07-31,0.0157933986591674
2024-08-01,-0.013693502993456064
2024-08-02,-0.018381860868696753
2024-08-05,-0.02996879838863975
2024-08-06,0.010354085880061037
2024-08-07,-0.007734647858502863
2024-08-08,0.023042611519136447
2024-08-09,0.004671676849538509
2024-08-12,4.303397765514916e-05
2024-08-13,0.016847579753558328
2024-08-14,0.0038237284285767004
2024-08-15,0.016133247764330783
2024-08-16,0.001989779357261412
2024-08-19,0.009722284736913167
2024-08-20,-0.0019845553982971165
2024-08-21,0.004239676828782013
2024-08-22,-0.008932805548120926
2024-08-23,0.01148337085011919
2024-08-26,-0.0031537266931381813
2024-08-27,0.0015951960865450143
2024-08-28,-0.00597597320797616
2024-08-29,-3.937906806072977e-05
2024-08-30,0.010093051774424433
2024-09-03,-0.02115107439771169
2024-09-04,-0.0016025435809103872
2024-09-05,-0.003018017615584734
2024-09-06,-0.01726024985928465
2024-09-09,0.0115800702824842
2024-09-10,0.004472672652839682
2024-09-11,0.010665025888896507
2024-09-12,0.007495302358939249
2024-09-13,0.005407711405364557
2024-09-16,0.0012566297656613212
2024-09-17,0.00026455008109871336
2024-09-18,-0.002896455862498093
2024-09-19,0.01697685316676334
2024-09-20,-0.0019410273951238066
2024-09-23,0.0028092730585327352
2024-09-24,0.0025111788443470395
2024-09-25,-0.0018612489301417234
2024-09-26,0.00403867571712313
2024-09-27,-0.0012532169669905446
2024-09-30,0.004236552581176722
2024-10-01,-0.009324107094664358
2024-10-02,0.00013839090212397487
2024-10-03,-0.001681413492255035
2024-10-04,0.008970249395274354
2024-10-07,-0.009586022165882668
2024-10-08,0.009689347495581924
2024-10-09,0.007113411987488272
2024-10-10,-0.002070122839989974
2024-10-11,0.006051847587953629
2024-10-14,0.0077076668832223305
2024-10-15,-0.007609466332438197
2024-10-16,0.004679145956573816
2024-10-17,-0.00017116047891174713
2024-10-18,0.00397155273894878
2024-10-21,-0.0018227694906369774
2024-10-22,-0.0004748538883844189
2024-10-23,-0.009191323428069387
2024-10-24,0.002145772011323821
2024-10-25,-0.00029944716993013376
2024-10-28,0.0026514435020339455
2024-10-29,0.001614127248163344
2024-10-30,-0.003300233889343751
2024-10-31,-0.018614700871699585
2024-11-01,0.004092509543626166
2024-11-04,-0.002812083478299976
2024-11-05,0.012265644545291332
2024-11-06,0.025295927786425976
2024-11-07,0.007431229727488331
2024-11-08,0.0037568333092317108
2024-11-11,0.0009690634297987444
2024-11-12,-0.00289265965137242
2024-11-13,0.00023222772482434095
2024-11-14,-0.006049734794859041
2024-11-15,-0.013203489851361216
2024-11-18,0.003917814394541086
2024-11-19,0.003963584828470035
2024-11-20,2.195086225209586e-05
2024-11-21,0.0053404615405816536
2024-11-22,0.003467959094991535
2024-11-25,0.003020480305938378
2024-11-26,0.005722005647630368
2024-11-27,-0.003801238017440034
2024-11-29,0.005607785488815242
2024-12-02,0.0024484564662998753
2024-12-03,0.0004514491145146682
2024-12-04,0.006051417924264779
2024-12-05,-0.0018697756269248078
2024-12-06,0.0024954538421815275
2024-12-09,-0.006144213927296471
2024-12-10,-0.002963883313944371
2024-12-11,0.008165786048233592
2024-12-12,-0.005414022527810203
2024-12-13,-2.6466639124200775e-05
2024-12-16,0.0037993543260221863
2024-12-17,-0.003863994965801476
2024-12-18,-0.02949284635160343
2024-12-19,-0.0008651123249070469
2024-12-20,0.010869123768910471
2024-12-23,0.007287273468533639
2024-12-24,0.01104275925539211
2024-12-26,-0.00040565878647391695
2024-12-27,-0.011055736101235558
2024-12-30,-0.010701995701766776
2024-12-31,-0.004284800394927402